cement,sand,gravel,water,plasticizer_kg,fly_ash,microsilica_kg,source_synthetic,source_boxcrete,source_normal_concrete,strength_1,strength_3,strength_7,strength_28,strength_1_weight,strength_3_weight,strength_7_weight,strength_28_weight,source,imputed_early
264.0,844.0,1012.0,180.0,2.64,0.0,0.0,1.0,0.0,0.0,15.9,24.9,30.9,38.1,1.0,1.0,1.0,1.0,synthetic,0
270.0,837.0,1012.0,180.0,2.7,0.0,0.0,1.0,0.0,0.0,15.9,24.9,30.9,38.1,1.0,1.0,1.0,1.0,synthetic,0
272.0,840.0,1010.0,180.0,2.67,0.0,0.0,1.0,0.0,0.0,18.1,26.5,32.4,39.8,1.0,1.0,1.0,1.0,synthetic,0
320.0,840.0,1010.0,180.0,2.68,0.0,0.0,1.0,0.0,0.0,17.2,25.5,27.5,33.8,1.0,1.0,1.0,1.0,synthetic,0
272.0,840.0,1010.0,180.0,2.68,0.0,0.0,1.0,0.0,0.0,18.1,26.5,32.4,39.8,1.0,1.0,1.0,1.0,synthetic,0
272.0,840.0,1010.0,180.0,2.71,0.0,0.0,1.0,0.0,0.0,18.1,26.5,32.4,39.8,1.0,1.0,1.0,1.0,synthetic,0
266.0,834.0,1014.0,180.0,2.62,0.0,0.0,1.0,0.0,0.0,15.4,25.1,30.8,38.2,1.0,1.0,1.0,1.0,synthetic,0
250.0,850.0,1015.0,180.0,2.49,0.0,0.0,1.0,0.0,0.0,16.1,25.0,30.9,37.6,1.0,1.0,1.0,1.0,synthetic,0
337.0,823.0,1010.0,180.0,3.01,0.0,0.0,1.0,0.0,0.0,15.7,25.5,27.6,33.6,1.0,1.0,1.0,1.0,synthetic,0
280.0,840.0,1010.0,180.0,2.56,0.0,0.0,1.0,0.0,0.0,17.4,26.6,33.2,41.2,1.0,1.0,1.0,1.0,synthetic,0
272.0,840.0,1010.0,180.0,2.63,0.0,0.0,1.0,0.0,0.0,15.9,25.4,31.5,39.1,1.0,1.0,1.0,1.0,synthetic,0
326.0,834.0,1010.0,180.0,2.83,0.0,0.0,1.0,0.0,0.0,16.1,24.7,27.2,33.2,1.0,1.0,1.0,1.0,synthetic,0
282.0,840.0,1010.0,180.0,2.69,0.0,0.0,1.0,0.0,0.0,17.4,26.6,33.2,41.2,1.0,1.0,1.0,1.0,synthetic,0
279.0,843.0,1013.0,180.0,2.75,0.0,0.0,1.0,0.0,0.0,18.1,26.5,32.4,39.8,1.0,1.0,1.0,1.0,synthetic,0
320.0,840.0,1010.0,180.0,2.62,0.0,0.0,1.0,0.0,0.0,17.2,25.5,27.5,33.8,1.0,1.0,1.0,1.0,synthetic,0
280.0,840.0,1010.0,180.0,2.69,0.0,0.0,1.0,0.0,0.0,17.4,26.6,33.2,41.2,1.0,1.0,1.0,1.0,synthetic,0
320.0,840.0,1010.0,180.0,2.62,0.0,0.0,1.0,0.0,0.0,17.2,25.5,27.5,33.8,1.0,1.0,1.0,1.0,synthetic,0
251.0,850.0,1015.0,180.0,2.51,0.0,0.0,1.0,0.0,0.0,16.1,25.0,30.9,37.6,1.0,1.0,1.0,1.0,synthetic,0
272.0,840.0,1010.0,180.0,2.63,0.0,0.0,1.0,0.0,0.0,15.9,25.4,31.5,39.1,1.0,1.0,1.0,1.0,synthetic,0
306.0,840.0,1010.0,180.0,2.56,0.0,0.0,1.0,0.0,0.0,17.7,27.0,33.3,41.0,1.0,1.0,1.0,1.0,synthetic,0
318.0,843.0,1010.0,180.0,2.69,0.0,0.0,1.0,0.0,0.0,17.7,27.0,33.3,41.0,1.0,1.0,1.0,1.0,synthetic,0
278.0,840.0,1010.0,180.0,2.72,0.0,0.0,1.0,0.0,0.0,18.1,26.5,32.4,39.8,1.0,1.0,1.0,1.0,synthetic,0
330.0,830.0,1010.0,180.0,2.89,0.0,0.0,1.0,0.0,0.0,15.7,25.5,27.6,33.6,1.0,1.0,1.0,1.0,synthetic,0
289.0,846.0,1016.0,180.0,2.8,0.0,0.0,1.0,0.0,0.0,17.4,26.6,33.2,41.2,1.0,1.0,1.0,1.0,synthetic,0
325.0,835.0,1010.0,180.0,2.81,0.0,0.0,1.0,0.0,0.0,16.1,24.7,27.2,33.2,1.0,1.0,1.0,1.0,synthetic,0
320.0,840.0,1010.0,180.0,2.6,0.0,0.0,1.0,0.0,0.0,17.2,25.5,27.5,33.8,1.0,1.0,1.0,1.0,synthetic,0
286.0,845.0,1015.0,180.0,2.78,0.0,0.0,1.0,0.0,0.0,17.4,26.6,33.2,41.2,1.0,1.0,1.0,1.0,synthetic,0
267.0,842.0,1011.0,180.0,2.67,0.0,0.0,1.0,0.0,0.0,15.9,24.9,30.9,38.1,1.0,1.0,1.0,1.0,synthetic,0
323.0,837.0,1010.0,180.0,2.62,0.0,0.0,1.0,0.0,0.0,17.2,25.5,27.5,33.8,1.0,1.0,1.0,1.0,synthetic,0
298.0,840.0,1010.0,180.0,2.63,0.0,0.0,1.0,0.0,0.0,17.7,27.0,33.3,41.0,1.0,1.0,1.0,1.0,synthetic,0
266.0,833.0,1014.0,180.0,2.66,0.0,0.0,1.0,0.0,0.0,15.4,25.1,30.8,38.2,1.0,1.0,1.0,1.0,synthetic,0
259.0,846.0,1013.0,180.0,2.59,0.0,0.0,1.0,0.0,0.0,17.0,25.9,31.3,38.4,1.0,1.0,1.0,1.0,synthetic,0
326.0,834.0,1010.0,180.0,2.83,0.0,0.0,1.0,0.0,0.0,16.1,24.7,27.2,33.2,1.0,1.0,1.0,1.0,synthetic,0
270.0,841.0,1010.0,180.0,2.7,0.0,0.0,1.0,0.0,0.0,15.9,24.9,30.9,38.1,1.0,1.0,1.0,1.0,synthetic,0
316.0,847.0,1010.0,180.0,2.64,0.0,0.0,1.0,0.0,0.0,17.7,27.0,33.3,41.0,1.0,1.0,1.0,1.0,synthetic,0
317.0,846.0,1010.0,180.0,2.66,0.0,0.0,1.0,0.0,0.0,17.7,27.0,33.3,41.0,1.0,1.0,1.0,1.0,synthetic,0
334.0,826.0,1010.0,180.0,2.91,0.0,0.0,1.0,0.0,0.0,15.7,25.5,27.6,33.6,1.0,1.0,1.0,1.0,synthetic,0
320.0,840.0,1010.0,180.0,2.71,0.0,0.0,1.0,0.0,0.0,17.2,25.5,27.5,33.8,1.0,1.0,1.0,1.0,synthetic,0
313.0,844.0,1014.0,180.0,2.67,0.0,0.0,1.0,0.0,0.0,17.7,27.0,33.3,41.0,1.0,1.0,1.0,1.0,synthetic,0
314.0,840.0,1010.0,180.0,2.56,0.0,0.0,1.0,0.0,0.0,17.7,27.0,33.3,41.0,1.0,1.0,1.0,1.0,synthetic,0
336.0,820.0,1010.0,181.0,3.04,0.0,0.0,1.0,0.0,0.0,15.7,25.5,27.6,33.6,1.0,1.0,1.0,1.0,synthetic,0
307.0,857.0,1013.0,180.0,2.62,0.0,0.0,1.0,0.0,0.0,17.7,27.0,33.3,41.0,1.0,1.0,1.0,1.0,synthetic,0
326.0,834.0,1010.0,180.0,2.83,0.0,0.0,1.0,0.0,0.0,16.1,24.7,27.2,33.2,1.0,1.0,1.0,1.0,synthetic,0
285.0,854.0,964.0,187.0,0.83,0.0,0.0,1.0,0.0,0.0,11.7,14.0,21.8,28.8,1.0,1.0,1.0,1.0,synthetic,0
338.0,819.0,1000.0,181.0,3.03,0.0,0.0,1.0,0.0,0.0,17.1,27.2,27.6,36.7,1.0,1.0,1.0,1.0,synthetic,0
287.0,853.0,962.0,186.0,1.03,0.0,0.0,1.0,0.0,0.0,11.7,14.0,21.8,28.8,1.0,1.0,1.0,1.0,synthetic,0
318.0,844.0,1010.0,180.0,2.55,0.0,0.0,1.0,0.0,0.0,17.7,27.0,33.3,41.0,1.0,1.0,1.0,1.0,synthetic,0
255.0,852.0,1015.0,180.0,2.48,0.0,0.0,1.0,0.0,0.0,16.1,25.0,30.9,37.6,1.0,1.0,1.0,1.0,synthetic,0
321.0,839.0,1010.0,180.0,2.74,0.0,0.0,1.0,0.0,0.0,17.2,25.5,27.5,33.8,1.0,1.0,1.0,1.0,synthetic,0
323.0,837.0,1010.0,180.0,2.65,0.0,0.0,1.0,0.0,0.0,17.2,25.5,27.5,33.8,1.0,1.0,1.0,1.0,synthetic,0
333.0,827.0,1010.0,180.0,2.89,0.0,0.0,1.0,0.0,0.0,15.7,25.5,27.6,33.6,1.0,1.0,1.0,1.0,synthetic,0
291.0,852.0,960.0,184.0,1.5,0.0,0.0,1.0,0.0,0.0,11.7,14.0,21.8,28.8,1.0,1.0,1.0,1.0,synthetic,0
286.0,854.0,963.0,187.0,0.91,0.0,0.0,1.0,0.0,0.0,11.7,14.0,21.8,28.8,1.0,1.0,1.0,1.0,synthetic,0
316.0,840.0,1010.0,180.0,2.56,0.0,0.0,1.0,0.0,0.0,17.7,27.0,33.3,41.0,1.0,1.0,1.0,1.0,synthetic,0
326.0,834.0,1010.0,180.0,2.83,0.0,0.0,1.0,0.0,0.0,16.1,24.7,27.2,33.2,1.0,1.0,1.0,1.0,synthetic,0
315.0,850.0,1010.0,180.0,2.61,0.0,0.0,1.0,0.0,0.0,17.7,27.0,33.3,41.0,1.0,1.0,1.0,1.0,synthetic,0
302.0,856.0,1010.0,180.0,2.51,0.0,0.0,1.0,0.0,0.0,17.7,27.0,33.3,41.0,1.0,1.0,1.0,1.0,synthetic,0
276.0,842.0,1010.0,180.0,2.55,0.0,0.0,1.0,0.0,0.0,15.9,25.4,31.5,39.1,1.0,1.0,1.0,1.0,synthetic,0
291.0,852.0,960.0,184.0,1.43,0.0,0.0,1.0,0.0,0.0,11.7,14.0,21.8,28.8,1.0,1.0,1.0,1.0,synthetic,0
329.0,831.0,1010.0,180.0,2.78,0.0,0.0,1.0,0.0,0.0,15.7,25.5,27.6,33.6,1.0,1.0,1.0,1.0,synthetic,0
335.0,825.0,1010.0,180.0,2.97,0.0,0.0,1.0,0.0,0.0,15.7,25.5,27.6,33.6,1.0,1.0,1.0,1.0,synthetic,0
304.0,824.0,1009.0,187.0,2.84,0.0,0.0,1.0,0.0,0.0,14.2,24.0,28.0,35.8,1.0,1.0,1.0,1.0,synthetic,0
317.0,846.0,1010.0,180.0,2.54,0.0,0.0,1.0,0.0,0.0,17.7,27.0,33.3,41.0,1.0,1.0,1.0,1.0,synthetic,0
332.0,828.0,1010.0,180.0,2.85,0.0,0.0,1.0,0.0,0.0,15.7,25.5,27.6,33.6,1.0,1.0,1.0,1.0,synthetic,0
294.0,825.0,1009.0,188.0,2.8,0.0,0.0,1.0,0.0,0.0,15.1,25.2,31.0,38.2,1.0,1.0,1.0,1.0,synthetic,0
291.0,825.0,1009.0,188.0,2.8,0.0,0.0,1.0,0.0,0.0,15.3,25.1,30.2,37.4,1.0,1.0,1.0,1.0,synthetic,0
303.0,824.0,1009.0,187.0,2.84,0.0,0.0,1.0,0.0,0.0,14.2,24.0,28.0,35.8,1.0,1.0,1.0,1.0,synthetic,0
290.0,825.0,1009.0,188.0,2.8,0.0,0.0,1.0,0.0,0.0,15.3,25.1,30.2,37.4,1.0,1.0,1.0,1.0,synthetic,0
330.0,825.0,1009.0,188.0,2.8,36.8,0.0,1.0,0.0,0.0,13.5,24.4,27.0,31.3,1.0,1.0,1.0,1.0,synthetic,0
328.0,825.0,1009.0,188.0,2.8,30.6,0.0,1.0,0.0,0.0,13.6,24.4,27.0,31.3,1.0,1.0,1.0,1.0,synthetic,0
293.0,825.0,1009.0,188.0,2.8,0.0,0.0,1.0,0.0,0.0,15.3,25.1,30.2,37.4,1.0,1.0,1.0,1.0,synthetic,0
304.0,854.0,1016.0,180.0,2.72,0.0,0.0,1.0,0.0,0.0,17.7,27.0,33.3,41.0,1.0,1.0,1.0,1.0,synthetic,0
282.0,825.0,1009.0,188.0,2.8,0.0,0.0,1.0,0.0,0.0,15.3,25.1,30.2,37.4,1.0,1.0,1.0,1.0,synthetic,0
319.0,823.0,1007.0,177.0,3.74,73.8,0.0,1.0,0.0,0.0,12.9,16.3,31.8,29.3,1.0,1.0,1.0,1.0,synthetic,0
317.0,846.0,1010.0,180.0,2.65,0.0,0.0,1.0,0.0,0.0,17.7,27.0,33.3,41.0,1.0,1.0,1.0,1.0,synthetic,0
288.0,853.0,962.0,186.0,1.12,0.0,0.0,1.0,0.0,0.0,11.7,14.0,21.8,28.8,1.0,1.0,1.0,1.0,synthetic,0
274.0,828.0,1012.0,185.0,2.73,0.0,0.0,1.0,0.0,0.0,15.3,25.1,30.2,37.4,1.0,1.0,1.0,1.0,synthetic,0
337.0,818.0,993.0,181.0,3.02,0.0,0.0,1.0,0.0,0.0,17.1,27.2,27.6,36.7,1.0,1.0,1.0,1.0,synthetic,0
290.0,849.0,1010.0,180.0,2.62,0.0,0.0,1.0,0.0,0.0,17.7,27.0,33.3,41.0,1.0,1.0,1.0,1.0,synthetic,0
332.0,824.0,1009.0,186.0,2.86,25.4,0.0,1.0,0.0,0.0,13.6,24.4,27.0,31.3,1.0,1.0,1.0,1.0,synthetic,0
309.0,857.0,1009.0,171.0,4.24,53.7,0.0,1.0,0.0,0.0,16.2,25.8,31.7,38.5,1.0,1.0,1.0,1.0,synthetic,0
291.0,825.0,1009.0,188.0,2.8,0.0,0.0,1.0,0.0,0.0,15.3,25.1,30.2,37.4,1.0,1.0,1.0,1.0,synthetic,0
332.0,829.0,1013.0,181.0,3.08,46.5,0.0,1.0,0.0,0.0,15.0,26.0,28.8,34.0,1.0,1.0,1.0,1.0,synthetic,0
289.0,825.0,1009.0,188.0,2.8,0.0,0.0,1.0,0.0,0.0,15.3,25.1,30.2,37.4,1.0,1.0,1.0,1.0,synthetic,0
291.0,825.0,1009.0,188.0,2.8,0.0,0.0,1.0,0.0,0.0,15.3,25.1,30.2,37.4,1.0,1.0,1.0,1.0,synthetic,0
288.0,825.0,1009.0,188.0,2.8,0.0,0.0,1.0,0.0,0.0,15.3,25.1,30.2,37.4,1.0,1.0,1.0,1.0,synthetic,0
311.0,834.0,1010.0,183.0,2.65,0.0,0.0,1.0,0.0,0.0,15.1,25.2,30.5,38.3,1.0,1.0,1.0,1.0,synthetic,0
282.0,825.0,1009.0,188.0,2.8,0.0,0.0,1.0,0.0,0.0,15.3,25.1,30.2,37.4,1.0,1.0,1.0,1.0,synthetic,0
331.0,827.0,1011.0,185.0,2.93,48.4,0.0,1.0,0.0,0.0,15.8,26.2,28.3,32.7,1.0,1.0,1.0,1.0,synthetic,0
332.0,824.0,1009.0,186.0,2.86,25.5,0.0,1.0,0.0,0.0,13.6,24.4,27.0,31.3,1.0,1.0,1.0,1.0,synthetic,0
335.0,834.0,1019.0,172.0,3.48,41.4,0.0,1.0,0.0,0.0,15.0,26.0,28.8,34.0,1.0,1.0,1.0,1.0,synthetic,0
367.0,812.0,993.0,170.0,4.54,59.0,0.0,1.0,0.0,0.0,12.9,24.9,26.8,34.4,1.0,1.0,1.0,1.0,synthetic,0
297.0,825.0,1009.0,188.0,2.8,0.0,0.0,1.0,0.0,0.0,15.1,25.2,30.5,38.3,1.0,1.0,1.0,1.0,synthetic,0
336.0,836.0,1022.0,167.0,3.68,38.9,0.0,1.0,0.0,0.0,15.0,26.0,28.8,34.0,1.0,1.0,1.0,1.0,synthetic,0
344.0,820.0,1003.0,181.0,3.44,53.3,0.0,1.0,0.0,0.0,12.9,24.9,26.8,34.4,1.0,1.0,1.0,1.0,synthetic,0
294.0,825.0,1009.0,188.0,2.8,0.0,0.0,1.0,0.0,0.0,15.1,25.2,31.0,38.2,1.0,1.0,1.0,1.0,synthetic,0
293.0,825.0,1009.0,188.0,2.8,0.0,0.0,1.0,0.0,0.0,15.3,25.1,30.2,37.4,1.0,1.0,1.0,1.0,synthetic,0
332.0,824.0,1009.0,187.0,2.84,27.7,0.0,1.0,0.0,0.0,13.6,24.4,27.0,31.3,1.0,1.0,1.0,1.0,synthetic,0
314.0,836.0,1010.0,182.0,2.63,0.0,0.0,1.0,0.0,0.0,16.2,25.8,31.8,39.4,1.0,1.0,1.0,1.0,synthetic,0
330.0,825.0,1009.0,188.0,2.8,38.6,0.0,1.0,0.0,0.0,13.5,24.4,27.0,31.3,1.0,1.0,1.0,1.0,synthetic,0
287.0,831.0,1009.0,185.0,2.77,0.0,0.0,1.0,0.0,0.0,15.1,25.2,31.0,38.2,1.0,1.0,1.0,1.0,synthetic,0
280.0,827.0,1009.0,187.0,2.78,0.0,0.0,1.0,0.0,0.0,15.3,25.1,30.2,37.4,1.0,1.0,1.0,1.0,synthetic,0
289.0,825.0,1009.0,188.0,2.8,0.0,0.0,1.0,0.0,0.0,15.3,25.1,30.2,37.4,1.0,1.0,1.0,1.0,synthetic,0
286.0,825.0,1009.0,188.0,2.8,0.0,0.0,1.0,0.0,0.0,15.3,25.1,30.2,37.4,1.0,1.0,1.0,1.0,synthetic,0
313.0,832.0,1016.0,183.0,3.09,58.1,0.0,1.0,0.0,0.0,14.7,25.3,29.8,36.2,1.0,1.0,1.0,1.0,synthetic,0
274.0,836.0,1010.0,182.0,2.63,0.0,0.0,1.0,0.0,0.0,15.3,25.3,31.1,38.3,1.0,1.0,1.0,1.0,synthetic,0
304.0,829.0,1009.0,186.0,2.78,0.0,0.0,1.0,0.0,0.0,15.1,25.2,30.5,38.3,1.0,1.0,1.0,1.0,synthetic,0
330.0,825.0,1009.0,188.0,2.8,46.8,0.0,1.0,0.0,0.0,13.6,24.4,27.0,31.3,1.0,1.0,1.0,1.0,synthetic,0
311.0,834.0,1010.0,183.0,2.66,0.0,0.0,1.0,0.0,0.0,15.1,25.2,30.5,38.3,1.0,1.0,1.0,1.0,synthetic,0
311.0,834.0,1010.0,183.0,2.66,0.0,0.0,1.0,0.0,0.0,15.1,25.2,30.5,38.3,1.0,1.0,1.0,1.0,synthetic,0
367.0,812.0,993.0,170.0,4.55,59.0,0.0,1.0,0.0,0.0,12.9,24.9,26.8,34.4,1.0,1.0,1.0,1.0,synthetic,0
294.0,848.0,1018.0,180.0,2.82,0.0,0.0,1.0,0.0,0.0,17.7,27.0,33.3,41.0,1.0,1.0,1.0,1.0,synthetic,0
309.0,859.0,1011.0,180.0,2.52,0.0,0.0,1.0,0.0,0.0,17.7,27.0,33.3,41.0,1.0,1.0,1.0,1.0,synthetic,0
318.0,841.0,1011.0,180.0,2.73,0.0,0.0,1.0,0.0,0.0,17.7,27.0,33.3,41.0,1.0,1.0,1.0,1.0,synthetic,0
302.0,852.0,1018.0,180.0,2.79,0.0,0.0,1.0,0.0,0.0,17.7,27.0,33.3,41.0,1.0,1.0,1.0,1.0,synthetic,0
267.0,846.0,1014.0,180.0,2.85,0.0,6.5,1.0,0.0,0.0,17.0,25.9,31.3,38.4,1.0,1.0,1.0,1.0,synthetic,0
252.0,865.0,1025.0,180.0,2.6,0.0,28.0,1.0,0.0,0.0,6.4,15.7,22.3,32.4,1.0,1.0,1.0,1.0,synthetic,0
270.0,842.0,1011.0,181.0,2.81,0.0,2.3,1.0,0.0,0.0,15.9,24.9,30.9,38.1,1.0,1.0,1.0,1.0,synthetic,0
270.0,843.0,1012.0,180.0,2.78,0.0,3.0,1.0,0.0,0.0,18.1,26.5,32.4,39.8,1.0,1.0,1.0,1.0,synthetic,0
250.0,860.0,1022.0,180.0,2.97,0.0,17.1,1.0,0.0,0.0,9.5,18.6,25.9,36.0,1.0,1.0,1.0,1.0,synthetic,0
282.0,856.0,1022.0,184.0,3.19,0.0,10.3,1.0,0.0,0.0,16.4,25.3,31.0,37.4,1.0,1.0,1.0,1.0,synthetic,0
252.0,865.0,1025.0,182.0,3.35,0.0,28.0,1.0,0.0,0.0,6.4,15.7,22.3,32.4,1.0,1.0,1.0,1.0,synthetic,0
249.0,856.0,1019.0,180.0,2.78,0.0,10.3,1.0,0.0,0.0,14.6,23.7,29.8,37.6,1.0,1.0,1.0,1.0,synthetic,0
252.0,865.0,1025.0,190.0,3.73,0.0,28.0,1.0,0.0,0.0,6.4,15.7,22.3,32.4,1.0,1.0,1.0,1.0,synthetic,0
252.0,865.0,1025.0,181.0,3.32,0.0,28.0,1.0,0.0,0.0,6.4,15.7,22.3,32.4,1.0,1.0,1.0,1.0,synthetic,0
317.0,851.0,1011.0,184.0,0.0,0.0,0.0,1.0,0.0,0.0,16.3,22.4,27.0,35.9,1.0,1.0,1.0,1.0,synthetic,0
253.0,863.0,1024.0,180.0,3.24,0.0,26.2,1.0,0.0,0.0,7.7,17.4,24.3,34.5,1.0,1.0,1.0,1.0,synthetic,0
320.0,860.0,1010.0,180.0,0.0,0.0,0.0,1.0,0.0,0.0,16.3,22.4,27.0,35.9,1.0,1.0,1.0,1.0,synthetic,0
251.0,860.0,1022.0,180.0,2.98,0.0,17.7,1.0,0.0,0.0,7.7,17.4,24.3,34.5,1.0,1.0,1.0,1.0,synthetic,0
258.0,858.0,1021.0,188.0,3.47,0.0,19.8,1.0,0.0,0.0,6.4,15.7,22.3,32.4,1.0,1.0,1.0,1.0,synthetic,0
252.0,865.0,1025.0,181.0,3.32,0.0,28.0,1.0,0.0,0.0,6.4,15.7,22.3,32.4,1.0,1.0,1.0,1.0,synthetic,0
317.0,852.0,1011.0,183.0,0.0,0.0,0.0,1.0,0.0,0.0,16.3,22.4,27.0,35.9,1.0,1.0,1.0,1.0,synthetic,0
270.0,859.0,1023.0,180.0,3.12,0.0,17.3,1.0,0.0,0.0,7.7,17.4,24.3,34.5,1.0,1.0,1.0,1.0,synthetic,0
314.0,843.0,1011.0,187.0,0.0,0.0,0.0,1.0,0.0,0.0,14.5,19.9,24.1,33.9,1.0,1.0,1.0,1.0,synthetic,0
320.0,860.0,1010.0,180.0,0.0,0.0,0.0,1.0,0.0,0.0,16.3,22.4,27.0,35.9,1.0,1.0,1.0,1.0,synthetic,0
251.0,861.0,1022.0,180.0,3.05,0.0,20.0,1.0,0.0,0.0,7.7,17.4,24.3,34.5,1.0,1.0,1.0,1.0,synthetic,0
312.0,835.0,1012.0,190.0,0.0,0.0,0.0,1.0,0.0,0.0,14.6,19.4,23.3,32.6,1.0,1.0,1.0,1.0,synthetic,0
271.0,859.0,1023.0,180.0,3.11,0.0,17.1,1.0,0.0,0.0,7.7,17.4,24.3,34.5,1.0,1.0,1.0,1.0,synthetic,0
251.0,860.0,1025.0,191.0,3.42,0.0,21.2,1.0,0.0,0.0,6.4,15.7,22.3,32.4,1.0,1.0,1.0,1.0,synthetic,0
275.0,858.0,1023.0,180.0,3.07,0.0,14.7,1.0,0.0,0.0,10.4,19.6,25.9,34.8,1.0,1.0,1.0,1.0,synthetic,0
252.0,865.0,1025.0,185.0,3.53,0.0,28.0,1.0,0.0,0.0,6.4,15.7,22.3,32.4,1.0,1.0,1.0,1.0,synthetic,0
252.0,865.0,1025.0,184.0,3.45,0.0,28.0,1.0,0.0,0.0,6.4,15.7,22.3,32.4,1.0,1.0,1.0,1.0,synthetic,0
320.0,860.0,1010.0,180.0,0.0,0.0,0.0,1.0,0.0,0.0,16.3,22.4,27.0,35.9,1.0,1.0,1.0,1.0,synthetic,0
252.0,865.0,1025.0,180.0,2.77,0.0,28.0,1.0,0.0,0.0,6.4,15.7,22.3,32.4,1.0,1.0,1.0,1.0,synthetic,0
311.0,833.0,1012.0,191.0,0.0,0.0,0.0,1.0,0.0,0.0,14.6,19.4,23.3,32.6,1.0,1.0,1.0,1.0,synthetic,0
260.0,863.0,1024.0,180.0,3.21,0.0,23.6,1.0,0.0,0.0,7.7,17.4,24.3,34.5,1.0,1.0,1.0,1.0,synthetic,0
250.0,858.0,1025.0,191.0,3.23,0.0,17.4,1.0,0.0,0.0,6.4,15.7,22.3,32.4,1.0,1.0,1.0,1.0,synthetic,0
320.0,860.0,1010.0,180.0,0.0,0.0,0.0,1.0,0.0,0.0,16.3,22.4,27.0,35.9,1.0,1.0,1.0,1.0,synthetic,0
314.0,843.0,1011.0,187.0,0.0,0.0,0.0,1.0,0.0,0.0,14.5,19.9,24.1,33.9,1.0,1.0,1.0,1.0,synthetic,0
318.0,855.0,1010.0,182.0,0.0,0.0,0.0,1.0,0.0,0.0,16.3,22.4,27.0,35.9,1.0,1.0,1.0,1.0,synthetic,0
316.0,847.0,1011.0,185.0,0.0,0.0,0.0,1.0,0.0,0.0,16.3,22.4,27.0,35.9,1.0,1.0,1.0,1.0,synthetic,0
319.0,858.0,1010.0,181.0,0.0,0.0,0.0,1.0,0.0,0.0,16.3,22.4,27.0,35.9,1.0,1.0,1.0,1.0,synthetic,0
312.0,837.0,1012.0,189.0,0.0,0.0,0.0,1.0,0.0,0.0,13.8,19.4,23.8,33.9,1.0,1.0,1.0,1.0,synthetic,0
234.0,865.0,1025.0,185.0,1.22,0.0,28.0,1.0,0.0,0.0,7.5,16.3,23.6,33.7,1.0,1.0,1.0,1.0,synthetic,0
231.0,858.0,1023.0,189.0,0.5,0.0,22.4,1.0,0.0,0.0,6.4,14.4,21.2,31.6,1.0,1.0,1.0,1.0,synthetic,0
226.0,865.0,1025.0,188.0,1.0,0.0,28.0,1.0,0.0,0.0,7.5,16.3,23.6,33.7,1.0,1.0,1.0,1.0,synthetic,0
225.0,865.0,1025.0,188.0,0.99,0.0,28.0,1.0,0.0,0.0,7.5,16.3,23.6,33.7,1.0,1.0,1.0,1.0,synthetic,0
245.0,864.0,1025.0,183.0,2.32,0.0,28.0,1.0,0.0,0.0,6.4,15.7,22.3,32.4,1.0,1.0,1.0,1.0,synthetic,0
228.0,859.0,1025.0,191.0,0.16,0.0,26.1,1.0,0.0,0.0,6.4,14.4,21.2,31.6,1.0,1.0,1.0,1.0,synthetic,0
229.0,859.0,1021.0,186.0,1.07,0.0,15.9,1.0,0.0,0.0,9.1,17.9,24.1,33.1,1.0,1.0,1.0,1.0,synthetic,0
228.0,865.0,1025.0,187.0,1.2,0.0,28.0,1.0,0.0,0.0,7.5,16.3,23.6,33.7,1.0,1.0,1.0,1.0,synthetic,0
244.0,863.0,1025.0,184.0,2.18,0.0,28.0,1.0,0.0,0.0,7.5,16.3,23.6,33.7,1.0,1.0,1.0,1.0,synthetic,0
227.0,865.0,1025.0,191.0,1.3,0.0,28.0,1.0,0.0,0.0,7.5,16.3,23.6,33.7,1.0,1.0,1.0,1.0,synthetic,0
236.0,856.0,1021.0,186.0,1.09,0.0,15.7,1.0,0.0,0.0,9.1,17.9,24.1,33.1,1.0,1.0,1.0,1.0,synthetic,0
222.0,865.0,1025.0,189.0,0.69,0.0,28.0,1.0,0.0,0.0,7.5,16.3,23.6,33.7,1.0,1.0,1.0,1.0,synthetic,0
222.0,862.0,1025.0,191.0,0.0,0.0,28.0,1.0,0.0,0.0,6.4,14.4,21.2,31.6,1.0,1.0,1.0,1.0,synthetic,0
238.0,862.0,1025.0,186.0,1.43,0.0,28.0,1.0,0.0,0.0,7.5,16.3,23.6,33.7,1.0,1.0,1.0,1.0,synthetic,0
248.0,865.0,1025.0,181.0,2.0,0.0,28.0,1.0,0.0,0.0,6.4,15.7,22.3,32.4,1.0,1.0,1.0,1.0,synthetic,0
246.0,865.0,1025.0,182.0,2.74,0.0,28.0,1.0,0.0,0.0,6.4,15.7,22.3,32.4,1.0,1.0,1.0,1.0,synthetic,0
243.0,853.0,1017.0,181.0,2.15,0.0,3.7,1.0,0.0,0.0,16.1,25.0,30.9,37.6,1.0,1.0,1.0,1.0,synthetic,0
219.0,865.0,1025.0,190.0,0.4,0.0,28.0,1.0,0.0,0.0,7.6,16.1,22.7,32.7,1.0,1.0,1.0,1.0,synthetic,0
266.0,833.0,1015.0,180.0,2.66,0.0,0.0,1.0,0.0,0.0,15.4,25.1,30.8,38.2,1.0,1.0,1.0,1.0,synthetic,0
229.0,878.0,950.0,166.0,4.35,0.0,0.0,1.0,0.0,0.0,11.7,25.7,30.8,33.1,1.0,1.0,1.0,1.0,synthetic,0
269.0,829.0,1014.0,182.0,2.68,0.0,0.0,1.0,0.0,0.0,15.3,25.3,31.1,38.3,1.0,1.0,1.0,1.0,synthetic,0
257.0,837.0,1020.0,184.0,2.52,0.0,0.0,1.0,0.0,0.0,15.3,24.9,31.0,37.7,1.0,1.0,1.0,1.0,synthetic,0
272.0,890.0,976.0,152.0,3.46,0.0,0.0,1.0,0.0,0.0,16.4,26.8,32.4,38.7,1.0,1.0,1.0,1.0,synthetic,0
277.0,827.0,1011.0,186.0,2.76,0.0,0.0,1.0,0.0,0.0,15.3,25.1,30.2,37.4,1.0,1.0,1.0,1.0,synthetic,0
252.0,845.0,1023.0,188.0,2.41,0.0,0.0,1.0,0.0,0.0,15.3,24.9,31.0,37.7,1.0,1.0,1.0,1.0,synthetic,0
325.0,887.0,989.0,157.0,4.49,0.0,0.0,1.0,0.0,0.0,18.4,27.2,32.5,39.8,1.0,1.0,1.0,1.0,synthetic,0
247.0,848.0,1023.0,187.0,2.37,0.0,0.0,1.0,0.0,0.0,16.1,25.0,30.9,37.6,1.0,1.0,1.0,1.0,synthetic,0
329.0,887.0,989.0,157.0,4.57,0.0,0.0,1.0,0.0,0.0,18.4,27.2,32.5,39.8,1.0,1.0,1.0,1.0,synthetic,0
260.0,843.0,1018.0,185.0,2.53,0.0,0.0,1.0,0.0,0.0,15.3,24.9,31.0,37.7,1.0,1.0,1.0,1.0,synthetic,0
260.0,846.0,1013.0,180.0,2.52,0.0,0.0,1.0,0.0,0.0,17.0,25.9,31.3,38.4,1.0,1.0,1.0,1.0,synthetic,0
294.0,919.0,999.0,170.0,3.75,0.0,0.0,1.0,0.0,0.0,11.3,21.8,26.9,34.6,1.0,1.0,1.0,1.0,synthetic,0
270.0,841.0,1010.0,180.0,2.55,0.0,0.0,1.0,0.0,0.0,15.9,25.4,31.5,39.1,1.0,1.0,1.0,1.0,synthetic,0
249.0,844.0,1025.0,189.0,2.36,0.0,0.0,1.0,0.0,0.0,15.3,24.9,31.0,37.7,1.0,1.0,1.0,1.0,synthetic,0
264.0,831.0,1017.0,179.0,2.75,0.0,0.0,1.0,0.0,0.0,15.4,25.1,30.8,38.2,1.0,1.0,1.0,1.0,synthetic,0
250.0,844.0,1025.0,190.0,2.36,0.0,0.0,1.0,0.0,0.0,14.2,23.9,29.4,36.4,1.0,1.0,1.0,1.0,synthetic,0
265.0,832.0,1015.0,180.0,2.65,0.0,0.0,1.0,0.0,0.0,15.4,25.1,30.8,38.2,1.0,1.0,1.0,1.0,synthetic,0
283.0,899.0,985.0,155.0,3.41,0.0,0.0,1.0,0.0,0.0,16.7,26.1,31.1,37.4,1.0,1.0,1.0,1.0,synthetic,0
254.0,844.0,1021.0,187.0,2.44,0.0,0.0,1.0,0.0,0.0,15.3,24.9,31.0,37.7,1.0,1.0,1.0,1.0,synthetic,0
325.0,841.0,981.0,145.0,4.78,0.0,0.0,1.0,0.0,0.0,15.6,26.8,28.8,45.4,1.0,1.0,1.0,1.0,synthetic,0
246.0,883.0,960.0,160.0,4.0,0.0,0.0,1.0,0.0,0.0,16.4,26.8,32.4,38.7,1.0,1.0,1.0,1.0,synthetic,0
266.0,841.0,1014.0,182.0,2.51,0.0,0.0,1.0,0.0,0.0,15.9,24.9,30.9,38.1,1.0,1.0,1.0,1.0,synthetic,0
269.0,832.0,1015.0,189.0,2.64,0.0,0.0,1.0,0.0,0.0,14.5,24.6,29.9,37.3,1.0,1.0,1.0,1.0,synthetic,0
256.0,844.0,1020.0,186.0,2.47,0.0,0.0,1.0,0.0,0.0,15.3,24.9,31.0,37.7,1.0,1.0,1.0,1.0,synthetic,0
268.0,842.0,1011.0,180.0,2.68,0.0,0.0,1.0,0.0,0.0,15.9,24.9,30.9,38.1,1.0,1.0,1.0,1.0,synthetic,0
333.0,886.0,990.0,158.0,4.69,0.0,0.0,1.0,0.0,0.0,18.4,27.2,32.5,39.8,1.0,1.0,1.0,1.0,synthetic,0
284.0,899.0,986.0,155.0,3.42,0.0,0.0,1.0,0.0,0.0,16.7,26.1,31.1,37.4,1.0,1.0,1.0,1.0,synthetic,0
268.0,835.0,1013.0,180.0,2.68,0.0,0.0,1.0,0.0,0.0,15.4,25.1,30.8,38.2,1.0,1.0,1.0,1.0,synthetic,0
667.0,755.0,1037.0,267.0,2.14,0.0,0.0,0.0,1.0,0.0,20.4154,33.4947,40.34880989318039,55.5442,1.0,1.0,0.6,1.0,boxcrete,1
201.0,611.0,1176.0,267.0,0.0,466.0,0.0,0.0,1.0,0.0,3.0268,19.1399,31.745841143036326,55.3304,1.0,1.0,0.6,1.0,boxcrete,1
133.0,611.0,1176.0,200.0,1.43,534.0,0.0,0.0,1.0,0.0,2.689,22.5183,45.34819062179674,77.4833,1.0,1.0,0.6,1.0,boxcrete,1
133.0,611.0,1176.0,200.0,0.53,533.0,0.0,0.0,1.0,0.0,0.917,0.917,10.0621089975247,23.5111,1.0,1.0,0.6,1.0,boxcrete,1
133.0,611.0,1176.0,200.0,0.71,533.0,0.0,0.0,1.0,0.0,1.0618,16.1406,38.91449646100409,74.098,1.0,1.0,0.6,1.0,boxcrete,1
201.0,611.0,1176.0,200.0,1.78,466.0,0.0,0.0,1.0,0.0,4.4747,35.4598,52.16542927899441,80.3102,1.0,1.0,0.6,1.0,boxcrete,1
201.0,611.0,1176.0,233.0,0.89,466.0,0.0,0.0,1.0,0.0,5.0194,17.7333,39.56190975202942,65.0245,1.0,1.0,0.6,1.0,boxcrete,1
667.0,611.0,1176.0,333.0,0.0,0.0,0.0,0.0,1.0,0.0,12.5829,17.1197,28.546539828819775,38.8658,1.0,1.0,0.6,1.0,boxcrete,1
467.0,611.0,1176.0,333.0,0.0,200.0,0.0,0.0,1.0,0.0,5.6399,10.1422,25.11245528814247,41.3961,1.0,1.0,0.6,1.0,boxcrete,1
400.0,611.0,1176.0,333.0,0.0,267.0,0.0,0.0,1.0,0.0,3.213,13.8102,26.019400836343294,46.0777,1.0,1.0,0.6,1.0,boxcrete,1
267.0,611.0,1176.0,233.0,0.0,400.0,0.0,0.0,1.0,0.0,1.4272,15.5891,33.861396161250966,58.5227,1.0,1.0,0.6,1.0,boxcrete,1
667.0,611.0,1176.0,267.0,2.14,0.0,0.0,0.0,1.0,0.0,33.7636,46.9602,52.92586469243459,65.4382,1.0,1.0,0.6,1.0,boxcrete,1
200.0,611.0,1176.0,233.0,0.0,467.0,0.0,0.0,1.0,0.0,0.5447,4.0334,20.580604772573874,40.0999,1.0,1.0,0.6,1.0,boxcrete,1
500.0,667.0,1282.0,200.0,0.36,0.0,0.0,0.0,1.0,0.0,30.8678,39.3277,47.17311143419248,56.8266,1.0,1.0,0.6,1.0,boxcrete,1
400.0,700.0,1347.0,160.0,0.89,0.0,0.0,0.0,1.0,0.0,32.9914,47.0981,53.681052082972386,66.3552,1.0,1.0,0.6,1.0,boxcrete,1
280.0,700.0,1347.0,160.0,0.89,120.0,0.0,0.0,1.0,0.0,14.8099,35.3425,49.76188604071275,69.2234,1.0,1.0,0.6,1.0,boxcrete,1
240.0,700.0,1347.0,160.0,0.71,160.0,0.0,0.0,1.0,0.0,6.7293,34.0256,47.86584541953862,71.5676,1.0,1.0,0.6,1.0,boxcrete,1
80.0,700.0,1347.0,160.0,0.89,320.0,0.0,0.0,1.0,0.0,4.4471,15.0788,31.433510271502374,55.1098,1.0,1.0,0.6,1.0,boxcrete,1
160.0,700.0,1347.0,140.0,0.89,240.0,0.0,0.0,1.0,0.0,1.248,20.3395,33.487066020155396,51.366,1.0,1.0,0.6,1.0,boxcrete,1
120.0,700.0,1347.0,140.0,0.71,280.0,0.0,0.0,1.0,0.0,0.5378,5.4538,19.495989384777026,36.0941,1.0,1.0,0.6,1.0,boxcrete,1
263.0,867.0,1129.0,130.0,2.04,108.0,0.0,0.0,1.0,0.0,27.6066,42.3545,50.44630734265239,64.4246,1.0,1.0,0.6,1.0,boxcrete,1
225.0,818.0,1073.0,157.0,2.04,223.0,0.0,0.0,1.0,0.0,15.0168,35.5149,42.867846268609135,61.1289,1.0,1.0,0.6,1.0,boxcrete,1
667.0,423.0,1356.0,267.0,2.14,0.0,0.0,0.0,1.0,0.0,30.661,42.8578,52.00855899923907,64.4729,1.0,1.0,0.6,1.0,boxcrete,1
210.0,942.0,1054.0,130.0,2.04,161.0,0.0,0.0,1.0,0.0,13.8929,32.957,41.216195472936306,57.7229,1.0,1.0,0.6,1.0,boxcrete,1
179.0,946.0,1051.0,130.0,1.28,191.0,0.0,0.0,1.0,0.0,18.1539,32.8053,41.008468769611156,56.9231,1.0,1.0,0.6,1.0,boxcrete,1
148.0,875.0,1121.0,130.0,1.4,222.0,0.0,0.0,1.0,0.0,11.5005,29.9577,39.49431001424959,53.6688,1.0,1.0,0.6,1.0,boxcrete,1
263.0,818.0,1129.0,148.0,0.59,108.0,0.0,0.0,1.0,0.0,15.8511,25.4623,34.036305296507905,46.5879,1.0,1.0,0.6,1.0,boxcrete,1
263.0,768.0,1129.0,167.0,0.0,108.0,0.0,0.0,1.0,0.0,11.6659,22.3804,31.110104137921116,43.4025,1.0,1.0,0.6,1.0,boxcrete,1
263.0,719.0,1129.0,186.0,0.0,108.0,0.0,0.0,1.0,0.0,8.4116,19.5742,24.408302833968676,31.9296,1.0,1.0,0.6,1.0,boxcrete,1
237.0,881.0,1147.0,130.0,1.02,97.0,0.0,0.0,1.0,0.0,17.1266,30.0956,38.30052980033744,52.1451,1.0,1.0,0.6,1.0,boxcrete,1
210.0,895.0,1166.0,130.0,0.77,86.0,0.0,0.0,1.0,0.0,14.8513,25.1383,33.617208770916974,47.7531,1.0,1.0,0.6,1.0,boxcrete,1
184.0,909.0,1184.0,130.0,0.0,76.0,0.0,0.0,1.0,0.0,7.7773,17.1542,24.67123907602572,36.0941,1.0,1.0,0.6,1.0,boxcrete,1
225.0,758.0,1073.0,179.0,0.0,223.0,0.0,0.0,1.0,0.0,10.1836,22.2494,31.447231469238595,45.9122,1.0,1.0,0.6,1.0,boxcrete,1
667.0,815.0,928.0,267.0,2.14,0.0,0.0,0.0,1.0,0.0,36.2458,49.6147,55.109072919108264,65.4313,1.0,1.0,0.6,1.0,boxcrete,1
179.0,898.0,1051.0,148.0,0.51,191.0,0.0,0.0,1.0,0.0,14.0515,24.766,33.14528808912947,46.6499,1.0,1.0,0.6,1.0,boxcrete,1
179.0,849.0,1051.0,167.0,0.0,191.0,0.0,0.0,1.0,0.0,10.4456,20.6705,29.418969450365033,42.9475,1.0,1.0,0.6,1.0,boxcrete,1
179.0,800.0,1051.0,185.0,0.0,191.0,0.0,0.0,1.0,0.0,5.9984,13.8516,22.414382423725417,33.8257,1.0,1.0,0.6,1.0,boxcrete,1
162.0,961.0,1068.0,130.0,0.77,172.0,0.0,0.0,1.0,0.0,8.8046,20.0017,27.73693276906578,38.9554,1.0,1.0,0.6,1.0,boxcrete,1
144.0,977.0,1085.0,131.0,0.77,153.0,0.0,0.0,1.0,0.0,10.7489,20.6636,30.476580437679587,43.1543,1.0,1.0,0.6,1.0,boxcrete,1
126.0,992.0,1103.0,130.0,1.28,134.0,0.0,0.0,1.0,0.0,4.8953,13.8516,22.801416231779402,34.6186,1.0,1.0,0.6,1.0,boxcrete,1
210.0,895.0,1166.0,130.0,1.28,86.0,0.0,0.0,1.0,0.0,15.5339,22.6907,30.567184512192085,41.3065,1.0,1.0,0.6,1.0,boxcrete,1
210.0,895.0,1166.0,130.0,1.02,86.0,0.0,0.0,1.0,0.0,11.0247,15.1892,25.010454107975097,38.0729,1.0,1.0,0.6,1.0,boxcrete,1
180.0,895.0,1166.0,132.0,0.5,120.0,0.0,0.0,1.0,0.0,9.5699,18.4021,26.36948741955644,37.0249,1.0,1.0,0.6,1.0,boxcrete,1
150.0,895.0,1166.0,132.0,0.75,150.0,0.0,0.0,1.0,0.0,7.1568,16.644,24.666274090190775,35.4184,1.0,1.0,0.6,1.0,boxcrete,1
201.0,611.0,1176.0,167.0,3.56,466.0,0.0,0.0,1.0,0.0,6.2122,38.7899,64.42010338588257,102.8974,1.0,1.0,0.6,1.0,boxcrete,1
150.0,895.0,1166.0,132.0,1.25,150.0,0.0,0.0,1.0,0.0,8.0531,22.1253,29.877915396087793,42.4855,1.0,1.0,0.6,1.0,boxcrete,1
210.0,895.0,1166.0,120.0,2.0,90.0,0.0,0.0,1.0,0.0,20.4981,33.5568,43.16394352060744,56.8266,1.0,1.0,0.6,1.0,boxcrete,1
180.0,895.0,1166.0,120.0,1.25,120.0,0.0,0.0,1.0,0.0,11.266,22.3666,32.51716788940788,45.2227,1.0,1.0,0.6,1.0,boxcrete,1
150.0,895.0,1166.0,120.0,1.0,150.0,0.0,0.0,1.0,0.0,7.7635,18.147,26.999406108697833,39.1622,1.0,1.0,0.6,1.0,boxcrete,1
150.0,895.0,1166.0,120.0,1.25,150.0,0.0,0.0,1.0,0.0,11.5487,24.8901,35.38779822079222,49.0355,1.0,1.0,0.6,1.0,boxcrete,1
201.0,611.0,1176.0,167.0,4.63,466.0,0.0,0.0,1.0,0.0,12.4726,41.6444,69.75927784455358,110.5161,1.0,1.0,0.6,1.0,boxcrete,1
455.0,611.0,1176.0,200.0,2.85,212.0,0.0,0.0,1.0,0.0,36.0527,52.2692,63.621644471489184,81.6891,1.0,1.0,0.6,1.0,boxcrete,1
887.0,516.0,993.0,285.0,1.43,64.0,0.0,0.0,1.0,0.0,40.8721,51.8417,55.17594151009138,63.88,1.0,1.0,0.6,1.0,boxcrete,1
229.0,611.0,1176.0,200.0,2.49,437.0,0.0,0.0,1.0,0.0,7.0464,26.0829,49.5681953272081,79.6207,1.0,1.0,0.6,1.0,boxcrete,1
102.0,942.0,887.0,192.0,0.0,153.0,0.0,0.0,0.0,1.0,5.8752,4.57,7.68,17.28,0.0,1.0,1.0,1.0,normal_concrete,1
108.3,849.0,938.2,203.5,0.0,162.4,0.0,0.0,0.0,1.0,7.0006,2.33,7.72,20.59,0.0,1.0,1.0,1.0,normal_concrete,1
116.0,891.9,909.8,192.0,0.0,173.0,0.0,0.0,0.0,1.0,7.599000000000001,6.28,10.09,22.35,0.0,1.0,1.0,1.0,normal_concrete,1
122.6,800.1,958.2,203.5,0.0,183.9,0.0,0.0,0.0,1.0,8.2586,3.32,10.35,24.29,0.0,1.0,1.0,1.0,normal_concrete,1
133.0,839.2,927.4,192.0,0.0,200.0,0.0,0.0,0.0,1.0,9.475800000000001,6.88,13.66,27.87,0.0,1.0,1.0,1.0,normal_concrete,1
135.7,759.3,1076.2,185.7,0.0,203.5,0.0,0.0,0.0,1.0,6.188000000000001,0.9763125079566857,7.51,18.2,0.0,0.3,1.0,1.0,normal_concrete,1
139.6,806.9,1047.0,192.0,0.0,209.4,0.0,0.0,0.0,1.0,9.6016,8.06,14.59,28.24,0.0,1.0,1.0,1.0,normal_concrete,1
141.3,748.5,971.8,203.5,0.0,212.0,0.0,0.0,0.0,1.0,10.162600000000001,4.83,10.39,29.89,0.0,1.0,1.0,1.0,normal_concrete,1
153.0,943.1,888.0,192.0,0.0,102.0,0.0,0.0,0.0,1.0,6.106400000000001,4.78,8.37,17.96,0.0,1.0,1.0,1.0,normal_concrete,1
157.0,781.2,935.4,192.0,0.0,236.0,0.0,0.0,0.0,1.0,11.4444,9.69,16.89,33.66,0.0,1.0,1.0,1.0,normal_concrete,1
158.8,734.3,1040.6,185.7,0.0,238.2,0.0,0.0,0.0,1.0,7.1638,2.621803387848831,9.62,21.07,0.0,0.3,1.0,1.0,normal_concrete,1
165.0,746.6,1005.8,175.1,8.1,260.6,0.0,0.0,0.0,1.0,6.154564554766089,19.42,29.650884167041,46.39,0.0,1.0,0.35,1.0,normal_concrete,1
165.0,900.9,1005.6,163.8,0.0,143.6,0.0,0.0,0.0,1.0,8.59606458087653,14.4,18.87624891253555,26.2,0.0,1.0,0.35,1.0,normal_concrete,1
166.1,780.1,1058.6,176.5,4.5,163.3,0.0,0.0,0.0,1.0,5.4577606933770335,10.76,14.849318921790957,21.54,0.0,1.0,0.35,1.0,normal_concrete,1
166.8,692.6,975.6,203.5,0.0,250.2,0.0,0.0,0.0,1.0,11.543000000000001,6.9,15.75,33.95,0.0,1.0,1.0,1.0,normal_concrete,1
167.0,770.1,1007.3,164.0,7.9,242.4,0.0,0.0,0.0,1.0,2.7857722032960446,15.52,25.341193588605545,41.41,0.0,1.0,0.35,1.0,normal_concrete,1
167.4,746.6,1006.3,175.5,7.8,258.5,0.0,0.0,0.0,1.0,2.0237843977811405,14.94,24.90155054603251,41.2,0.0,1.0,0.35,1.0,normal_concrete,1
168.0,780.1,1058.7,121.8,5.7,205.9,0.0,0.0,0.0,1.0,8.2416,7.75,14.005368183704345,24.24,0.0,1.0,0.35,1.0,normal_concrete,1
168.9,796.2,1080.8,158.3,10.8,166.5,0.0,0.0,0.0,1.0,10.580800000000002,7.4,16.398019000452827,31.12,0.0,1.0,0.35,1.0,normal_concrete,1
170.3,724.3,1026.6,185.7,0.0,155.5,0.0,0.0,0.0,1.0,8.7482,1.5620568399766377,10.73,25.73,0.0,0.3,1.0,1.0,normal_concrete,1
172.4,856.4,1006.3,156.8,4.1,186.0,0.0,0.0,0.0,1.0,15.190949220582116,21.29,25.993854789444136,33.69,0.0,1.0,0.35,1.0,normal_concrete,1
173.0,856.8,946.8,192.0,0.0,116.0,0.0,0.0,0.0,1.0,8.2552,6.94,11.39,24.28,0.0,1.0,1.0,1.0,normal_concrete,1
173.5,793.5,1006.2,164.8,6.5,223.6,0.0,0.0,0.0,1.0,15.64309292058077,23.08,28.815668098096406,38.2,0.0,1.0,0.35,1.0,normal_concrete,1
173.8,746.6,1007.2,172.3,9.7,253.3,0.0,0.0,0.0,1.0,5.004022045209732,15.82,24.16175538869973,37.81,0.0,1.0,0.35,1.0,normal_concrete,1
178.0,746.8,1007.3,179.9,3.6,248.4,0.0,0.0,0.0,1.0,11.66503984962325,20.73,27.72129385237544,39.16,0.0,1.0,0.35,1.0,normal_concrete,1
181.4,777.8,1055.6,169.6,7.6,167.0,0.0,0.0,0.0,1.0,6.660196086390069,13.62,18.98770526376085,27.77,0.0,1.0,0.35,1.0,normal_concrete,1
181.9,714.3,1012.4,185.7,0.0,272.8,0.0,0.0,0.0,1.0,9.499600000000001,2.8536749998957536,12.37,27.94,0.0,0.3,1.0,1.0,normal_concrete,1
182.0,780.7,1059.4,170.2,8.2,167.2,0.0,0.0,0.0,1.0,10.6318,7.32,16.405267919934442,31.27,0.0,1.0,0.35,1.0,normal_concrete,1
183.9,800.0,959.2,203.5,0.0,122.6,0.0,0.0,0.0,1.0,8.177000000000001,4.9,10.79,24.05,0.0,1.0,1.0,1.0,normal_concrete,1
186.2,764.3,1083.4,185.7,0.0,124.1,0.0,0.0,0.0,1.0,5.984000000000001,2.1325163775850493,8.0,17.6,0.0,0.3,1.0,1.0,normal_concrete,1
190.3,798.9,1079.0,166.6,9.9,125.2,0.0,0.0,0.0,1.0,6.500135113964516,12.55,17.215920476626042,24.85,0.0,1.0,0.35,1.0,normal_concrete,1
190.3,802.6,1088.1,161.9,9.9,125.2,0.0,0.0,0.0,1.0,0.09484307866707639,9.45,16.665106298002215,28.47,0.0,1.0,0.35,1.0,normal_concrete,1
190.7,804.0,1090.0,162.1,7.8,125.4,0.0,0.0,0.0,1.0,9.452482511759095,15.04,19.349337936135925,26.4,0.0,1.0,0.35,1.0,normal_concrete,1
192.0,716.1,929.8,192.0,0.0,288.0,0.0,0.0,0.0,1.0,13.3688,12.79,21.48,39.32,0.0,1.0,1.0,1.0,normal_concrete,1
193.5,704.3,998.2,185.7,0.0,290.2,0.0,0.0,0.0,1.0,11.094200000000003,7.769242469389298,17.2,32.63,0.0,0.3,1.0,1.0,normal_concrete,1
194.7,901.8,998.0,170.2,7.5,100.5,0.0,0.0,0.0,1.0,12.671800000000003,12.18,21.697719086060754,37.27,0.0,1.0,0.35,1.0,normal_concrete,1
194.7,905.9,1006.4,165.6,7.5,100.5,0.0,0.0,0.0,1.0,5.923031948155211,12.45,17.483883310961588,25.72,0.0,1.0,0.35,1.0,normal_concrete,1
198.6,825.5,978.4,192.0,0.0,132.4,0.0,0.0,0.0,1.0,9.5268,9.13,14.64,28.02,0.0,1.0,1.0,1.0,normal_concrete,1
200.0,806.2,965.4,192.0,0.0,133.0,0.0,0.0,0.0,1.0,1.3445259303688337,11.41,17.17,30.44,0.0,1.0,1.0,1.0,normal_concrete,1
200.0,845.0,1125.0,180.0,0.0,0.0,0.0,0.0,0.0,1.0,1.6497823968629817,5.144624710953131,7.84,12.25,0.0,0.3,1.0,1.0,normal_concrete,1
202.0,801.0,942.0,206.0,1.7,152.0,0.0,0.0,0.0,1.0,4.1895901662751065,9.85,15.07,21.97,0.0,1.0,1.0,1.0,normal_concrete,1
203.5,630.0,963.4,203.5,0.0,305.3,0.0,0.0,0.0,1.0,14.1712,9.56,19.54,41.68,0.0,1.0,1.0,1.0,normal_concrete,1
203.5,759.3,1076.2,185.7,0.0,135.7,0.0,0.0,0.0,1.0,7.6942,5.438536432170048,11.96,22.63,0.0,0.3,1.0,1.0,normal_concrete,1
210.7,689.3,977.0,185.7,0.0,316.1,0.0,0.0,0.0,1.0,12.855400000000001,12.046972591415098,21.82,37.81,0.0,0.3,1.0,1.0,normal_concrete,1
212.0,750.0,973.4,203.5,0.0,141.3,0.0,0.0,0.0,1.0,11.22,6.81,15.03,33.0,0.0,1.0,1.0,1.0,normal_concrete,1
212.0,799.5,1085.4,159.0,7.8,124.8,0.0,0.0,0.0,1.0,10.184517436020041,19.52,26.719932572874974,38.5,0.0,1.0,0.35,1.0,normal_concrete,1
212.1,779.3,1057.6,180.3,5.7,121.6,0.0,0.0,0.0,1.0,6.356193452567395,12.47,17.185235083289573,24.9,0.0,1.0,0.35,1.0,normal_concrete,1
212.5,903.6,1007.8,159.3,8.7,100.4,0.0,0.0,0.0,1.0,4.637353297785177,13.54,20.40611062007572,31.64,0.0,1.0,0.35,1.0,normal_concrete,1
212.6,903.8,1003.8,159.4,10.4,100.4,0.0,0.0,0.0,1.0,1.4909554628557484,13.33,22.46078909531616,37.4,0.0,1.0,0.35,1.0,normal_concrete,1
213.5,771.9,1043.6,159.2,11.7,174.2,0.0,0.0,0.0,1.0,1.331335151088612,15.61,26.62233101109382,44.64,0.0,1.0,0.35,1.0,normal_concrete,1
213.5,775.5,1052.3,154.6,11.7,174.2,0.0,0.0,0.0,1.0,3.317590260647653,17.37,28.207833172130563,45.94,0.0,1.0,0.35,1.0,normal_concrete,1
213.7,776.4,1053.5,154.8,10.2,174.7,0.0,0.0,0.0,1.0,6.463825274253556,17.57,26.1355678343265,40.15,0.0,1.0,0.35,1.0,normal_concrete,1
213.7,785.4,1065.8,181.7,6.9,122.6,0.0,0.0,0.0,1.0,4.370588943736329,18.0,28.511598081894938,45.71,0.0,1.0,0.35,1.0,normal_concrete,1
213.8,785.5,1066.0,181.7,6.7,122.6,0.0,0.0,0.0,1.0,13.6782,13.18,23.441231617295475,40.23,0.0,1.0,0.35,1.0,normal_concrete,1
214.9,780.6,1014.3,155.6,9.6,175.7,0.0,0.0,0.0,1.0,1.208261641894895,18.02,30.985948121225878,52.2,0.0,1.0,0.35,1.0,normal_concrete,1
218.2,792.7,1075.7,140.8,11.9,178.4,0.0,0.0,0.0,1.0,13.603682548883185,27.42,38.0757484706037,55.51,0.0,1.0,0.35,1.0,normal_concrete,1
218.9,794.9,1078.7,158.5,11.3,124.1,0.0,0.0,0.0,1.0,8.021139064698541,15.34,20.984625747332977,30.22,0.0,1.0,0.35,1.0,normal_concrete,1
220.8,744.3,1055.0,185.7,0.0,147.2,0.0,0.0,0.0,1.0,8.755,5.3522559729402746,13.09,25.75,0.0,0.3,1.0,1.0,normal_concrete,1
222.4,870.3,967.1,189.3,4.5,96.7,0.0,0.0,0.0,1.0,5.033357590802253,11.58,16.629057036088835,24.89,0.0,1.0,0.35,1.0,normal_concrete,1
225.0,833.0,1113.0,181.0,0.0,0.0,0.0,0.0,0.0,1.0,2.5093100654522846,7.398919380177053,11.17,17.34,0.0,0.3,1.0,1.0,normal_concrete,1
228.0,674.3,955.8,185.7,0.0,342.1,0.0,0.0,0.0,1.0,13.498000000000001,11.05293137431897,21.92,39.7,0.0,0.3,1.0,1.0,normal_concrete,1
229.7,757.6,1028.1,195.2,6.1,118.2,0.0,0.0,0.0,1.0,7.861017119847429,13.36,17.601056173063352,24.54,0.0,1.0,0.35,1.0,normal_concrete,1
230.0,758.6,1029.4,195.5,4.6,118.3,0.0,0.0,0.0,1.0,2.9226384062428696,10.03,15.511508202215149,24.48,0.0,1.0,0.35,1.0,normal_concrete,1
231.8,778.5,1056.4,174.0,6.7,121.6,0.0,0.0,0.0,1.0,6.443900100358615,15.44,22.378185814430097,33.73,0.0,1.0,0.35,1.0,normal_concrete,1
233.8,852.2,947.0,197.9,4.6,94.6,0.0,0.0,0.0,1.0,4.251437684552677,10.38,15.106615377135,22.84,0.0,1.0,0.35,1.0,normal_concrete,1
236.0,749.1,972.6,192.0,0.0,157.0,0.0,0.0,0.0,1.0,3.84247880690011,13.57,20.42,32.88,0.0,1.0,1.0,1.0,normal_concrete,1
236.0,885.0,968.0,194.0,0.0,0.0,0.0,0.0,0.0,1.0,0.5922857408029185,6.47,11.003150381762698,18.42,0.0,1.0,0.35,1.0,normal_concrete,1
237.5,594.0,932.0,228.0,0.0,237.5,0.0,0.0,0.0,1.0,20.89795209886997,23.925230475247375,26.26,30.08,0.0,0.3,1.0,1.0,normal_concrete,1
238.0,789.0,1119.0,186.0,0.0,0.0,0.0,0.0,0.0,1.0,4.3438107389518805,8.694532803431454,12.05,17.54,0.0,0.3,1.0,1.0,normal_concrete,1
238.1,789.3,1118.8,185.7,0.0,0.0,0.0,0.0,0.0,1.0,0.17737518215146086,5.914939434762047,10.34,17.58,0.0,0.3,1.0,1.0,normal_concrete,1
238.1,847.0,949.9,186.7,7.0,94.1,0.0,0.0,0.0,1.0,14.863852981612565,19.93,23.837234220264087,30.23,0.0,1.0,0.35,1.0,normal_concrete,1
238.2,734.3,1040.6,185.7,0.0,158.8,0.0,0.0,0.0,1.0,9.1494,8.832378516302521,15.69,26.91,0.0,0.3,1.0,1.0,normal_concrete,1
239.6,664.3,941.6,185.7,0.0,359.4,0.0,0.0,0.0,1.0,5.7404419963762034,16.8510291264315,25.42,39.44,0.0,0.3,1.0,1.0,normal_concrete,1
246.8,800.9,1086.8,143.3,12.0,125.1,0.0,0.0,0.0,1.0,9.265928097779822,23.52,34.51336385468479,52.5,0.0,1.0,0.35,1.0,normal_concrete,1
249.1,889.0,987.8,158.1,12.8,98.8,0.0,0.0,0.0,1.0,7.741105115065891,15.36,21.23602505552337,30.85,0.0,1.0,0.35,1.0,normal_concrete,1
250.0,820.0,1100.0,182.0,0.0,0.0,0.0,0.0,0.0,1.0,1.304065467225541,7.75486284516065,12.73,20.87,0.0,0.3,1.0,1.0,normal_concrete,1
250.0,857.2,948.9,191.8,5.3,95.7,0.0,0.0,0.0,1.0,9.2548,8.49,15.595096790829734,27.22,0.0,1.0,0.35,1.0,normal_concrete,1
250.0,861.2,956.9,187.4,5.5,95.7,0.0,0.0,0.0,1.0,6.245372419110048,13.82,19.661884173987076,29.22,0.0,1.0,0.35,1.0,normal_concrete,1
250.2,694.1,977.6,203.5,0.0,166.8,0.0,0.0,0.0,1.0,12.566400000000002,9.73,19.35,36.96,0.0,1.0,1.0,1.0,normal_concrete,1
251.4,754.3,1043.6,192.9,5.8,118.3,0.0,0.0,0.0,1.0,1.5083232988865476,11.98,20.056215198973046,33.27,0.0,1.0,0.35,1.0,normal_concrete,1
251.4,757.7,1028.4,188.5,5.8,118.3,0.0,0.0,0.0,1.0,11.106193452567394,17.22,21.93523508328957,29.65,0.0,1.0,0.35,1.0,normal_concrete,1
251.4,757.7,1028.4,188.5,6.4,118.3,0.0,0.0,0.0,1.0,3.5090764330785933,13.12,20.532364724656333,32.66,0.0,1.0,0.35,1.0,normal_concrete,1
251.8,899.8,1006.0,146.1,12.4,99.9,0.0,0.0,0.0,1.0,14.665182574993624,21.02,25.921113216098256,33.94,0.0,1.0,0.35,1.0,normal_concrete,1
252.0,784.0,1111.0,185.0,0.0,0.0,0.0,0.0,0.0,1.0,5.316008783047753,10.055046660204013,13.71,19.69,0.0,0.3,1.0,1.0,normal_concrete,1
252.3,889.0,987.8,146.3,14.2,98.8,0.0,0.0,0.0,1.0,7.6046255271916525,21.78,32.71266895417582,50.6,0.0,1.0,0.35,1.0,normal_concrete,1
252.5,784.3,1111.6,185.7,0.0,0.0,0.0,0.0,0.0,1.0,6.7218,6.413183413560426,11.48,19.77,0.0,0.3,1.0,1.0,normal_concrete,1
255.0,945.0,889.8,192.0,0.0,0.0,0.0,0.0,0.0,1.0,2.0525294964738596,8.2,10.22,18.75,0.0,1.0,1.0,1.0,normal_concrete,1
255.5,724.3,1026.6,185.7,0.0,170.3,0.0,0.0,0.0,1.0,10.897,8.188184120003601,17.24,32.05,0.0,0.3,1.0,1.0,normal_concrete,1
272.8,714.3,1012.4,185.7,0.0,181.9,0.0,0.0,0.0,1.0,3.4733046774556002,12.67401199414191,19.77,31.38,0.0,0.3,1.0,1.0,normal_concrete,1
275.0,808.0,1088.0,183.0,0.0,0.0,0.0,0.0,0.0,1.0,8.33,7.90467903011729,14.2,24.5,0.0,0.3,1.0,1.0,normal_concrete,1
275.1,777.5,1053.6,159.5,9.9,121.4,0.0,0.0,0.0,1.0,10.259123551824633,23.8,34.243316318822345,51.33,0.0,1.0,0.35,1.0,normal_concrete,1
277.0,856.0,968.0,191.0,0.0,0.0,0.0,0.0,0.0,1.0,4.173940976831019,11.36,16.9022031027241,25.97,0.0,1.0,0.35,1.0,normal_concrete,1
277.1,875.6,973.9,160.6,11.8,97.4,0.0,0.0,0.0,1.0,10.774666403664062,23.14,32.67668624246981,48.28,0.0,1.0,0.35,1.0,normal_concrete,1
277.2,782.5,1061.7,160.7,11.2,122.3,0.0,0.0,0.0,1.0,14.371131453292703,30.45,42.850726860236215,63.14,0.0,1.0,0.35,1.0,normal_concrete,1
281.0,774.0,1104.0,186.0,0.0,0.0,0.0,0.0,0.0,1.0,3.354800959431308,9.6471020872943,14.5,22.44,0.0,0.3,1.0,1.0,normal_concrete,1
284.0,801.0,842.0,179.0,5.5,156.0,0.0,0.0,0.0,1.0,14.8682,13.4,24.13,43.73,0.0,1.0,1.0,1.0,normal_concrete,1
286.3,803.7,1004.6,144.7,11.2,200.9,0.0,0.0,0.0,1.0,1.7363113572034974,24.4,38.0,67.7,0.0,1.0,1.0,1.0,normal_concrete,1
288.0,717.8,932.0,192.0,0.0,192.0,0.0,0.0,0.0,1.0,4.3708115226377595,16.11,23.52,38.8,0.0,1.0,1.0,1.0,normal_concrete,1
289.0,895.3,913.2,192.0,0.0,0.0,0.0,0.0,0.0,1.0,3.676515188212698,11.65,14.6,25.57,0.0,1.0,1.0,1.0,normal_concrete,1
290.2,704.3,998.2,185.7,0.0,193.5,0.0,0.0,0.0,1.0,6.166885985697988,15.026826364729251,21.86,33.04,0.0,0.3,1.0,1.0,normal_concrete,1
290.4,865.0,961.2,168.1,9.4,96.2,0.0,0.0,0.0,1.0,16.479646649993956,22.5,27.14315988893518,34.74,0.0,1.0,0.35,1.0,normal_concrete,1
295.0,769.0,1069.0,185.0,0.0,0.0,0.0,0.0,0.0,1.0,0.22982795452103977,8.455783333263838,14.8,25.18,0.0,0.3,1.0,1.0,normal_concrete,1
295.7,859.2,955.1,171.5,8.9,95.6,0.0,0.0,0.0,1.0,14.593316714329855,22.95,29.395039747794836,39.94,0.0,1.0,0.35,1.0,normal_concrete,1
295.8,769.3,1091.4,185.7,0.0,0.0,0.0,0.0,0.0,1.0,0.26982795452103214,8.495783333263832,14.84,25.22,0.0,0.3,1.0,1.0,normal_concrete,1
296.0,765.0,1085.0,192.0,0.0,0.0,0.0,0.0,0.0,1.0,3.742602915335428,9.646588230521733,14.2,21.65,0.0,0.3,1.0,1.0,normal_concrete,1
296.0,769.0,1090.0,186.0,0.0,0.0,0.0,0.0,0.0,1.0,10.108942319349408,15.077799759110233,18.91,25.18,0.0,0.3,1.0,1.0,normal_concrete,1
297.2,753.5,1022.8,174.8,9.5,117.5,0.0,0.0,0.0,1.0,9.372515776825667,21.91,31.57945633733317,47.4,0.0,1.0,0.35,1.0,normal_concrete,1
300.0,795.0,1075.0,184.0,0.0,0.0,0.0,0.0,0.0,1.0,9.129000000000001,8.69181870576911,15.58,26.85,0.0,0.3,1.0,1.0,normal_concrete,1
305.3,631.0,965.4,203.5,0.0,203.5,0.0,0.0,0.0,1.0,0.07620039068231453,14.14,25.89,43.38,0.0,1.0,1.0,1.0,normal_concrete,1
307.0,812.0,968.0,193.0,0.0,0.0,0.0,0.0,0.0,1.0,5.167034581977887,12.54,18.22635349143287,27.53,0.0,1.0,0.35,1.0,normal_concrete,1
310.0,830.0,1012.0,192.0,0.0,0.0,0.0,0.0,0.0,1.0,3.6652195862077113,11.85,17.24,27.83,0.0,1.0,1.0,1.0,normal_concrete,1
310.0,850.0,970.0,192.0,0.0,0.0,0.0,0.0,0.0,1.0,9.4928,7.087232996059855,14.99,27.92,0.0,0.3,1.0,1.0,normal_concrete,1
313.3,611.8,1046.9,175.5,8.6,262.2,0.0,0.0,0.0,1.0,14.63562011678865,28.8,42.8,59.8,0.0,1.0,1.0,1.0,normal_concrete,1
316.1,689.3,977.0,185.7,0.0,210.7,0.0,0.0,0.0,1.0,4.423559405729278,15.724342035871125,24.44,38.7,0.0,0.3,1.0,1.0,normal_concrete,1
318.8,880.4,852.1,155.7,14.3,212.5,0.0,0.0,0.0,1.0,8.703932132531454,25.2,33.4,55.5,0.0,1.0,1.0,1.0,normal_concrete,1
323.7,659.9,942.7,183.8,10.3,282.8,0.0,0.0,0.0,1.0,7.362714882390823,28.3,49.8,74.7,0.0,1.0,1.0,1.0,normal_concrete,1
325.0,783.0,1063.0,184.0,0.0,0.0,0.0,0.0,0.0,1.0,10.3938,9.576113374993025,17.54,30.57,0.0,0.3,1.0,1.0,normal_concrete,1
331.0,821.0,1025.0,192.0,0.0,0.0,0.0,0.0,0.0,1.0,4.05332658591049,14.31,17.44,31.74,0.0,1.0,1.0,1.0,normal_concrete,1
331.0,825.0,978.0,192.0,0.0,0.0,0.0,0.0,0.0,1.0,2.7371177565640186,13.52,16.26,31.45,0.0,1.0,1.0,1.0,normal_concrete,1
332.5,594.0,932.0,228.0,0.0,142.5,0.0,0.0,0.0,1.0,26.433923756781066,28.605322382769053,30.28,33.02,0.0,0.3,1.0,1.0,normal_concrete,1
333.0,842.6,931.2,192.0,0.0,0.0,0.0,0.0,0.0,1.0,8.340965864504216,15.62,23.4,31.97,0.0,1.0,1.0,1.0,normal_concrete,1
337.9,755.8,944.7,174.9,9.5,189.0,0.0,0.0,0.0,1.0,11.996516600558747,24.1,35.1,49.9,0.0,1.0,1.0,1.0,normal_concrete,1
339.0,754.0,1069.0,185.0,0.0,0.0,0.0,0.0,0.0,1.0,6.168724716212368,14.632424470063349,21.16,31.84,0.0,0.3,1.0,1.0,normal_concrete,1
339.0,781.0,968.0,197.0,0.0,0.0,0.0,0.0,0.0,1.0,4.258527049766526,13.22,20.97,32.04,0.0,1.0,1.0,1.0,normal_concrete,1
339.2,754.3,1069.2,185.7,0.0,0.0,0.0,0.0,0.0,1.0,6.132577617771236,14.627976621636632,21.18,31.9,0.0,0.3,1.0,1.0,normal_concrete,1
349.0,806.0,1047.0,192.0,0.0,0.0,0.0,0.0,0.0,1.0,4.535578723578927,14.99,18.13,32.72,0.0,1.0,1.0,1.0,normal_concrete,1
349.0,809.0,1056.0,192.0,0.0,0.0,0.0,0.0,0.0,1.0,0.5736851667951984,15.87,9.01,33.61,0.0,1.0,1.0,1.0,normal_concrete,1
350.0,770.0,1050.0,186.0,0.0,0.0,0.0,0.0,0.0,1.0,0.614478770986476,11.717141088538176,20.28,34.29,0.0,0.3,1.0,1.0,normal_concrete,1
350.0,775.0,974.0,203.0,0.0,0.0,0.0,0.0,0.0,1.0,5.2021305839247445,12.500882899745665,18.13,27.34,0.0,0.3,1.0,1.0,normal_concrete,1
359.0,801.0,942.0,154.0,10.9,160.0,0.0,0.0,0.0,1.0,5.695163811272455,24.380000000000003,37.18,61.215,0.0,1.0,1.0,1.0,normal_concrete,1
362.6,755.8,944.7,164.9,11.6,189.0,0.0,0.0,0.0,1.0,12.97244734931619,35.3,39.4,71.3,0.0,1.0,1.0,1.0,normal_concrete,1
374.0,756.7,926.1,170.1,10.1,189.2,0.0,0.0,0.0,1.0,22.08233162116574,34.4,46.2,61.09,0.0,1.0,1.0,1.0,normal_concrete,1
375.0,758.0,1038.0,186.0,0.0,0.0,0.0,0.0,0.0,1.0,9.005318848500051,18.633966040381075,26.06,38.21,0.0,0.3,1.0,1.0,normal_concrete,1
375.0,992.6,852.1,126.6,23.4,93.8,0.0,0.0,0.0,1.0,18.369521164429504,29.0,45.7,56.7,0.0,1.0,1.0,1.0,normal_concrete,1
376.0,762.4,1003.5,214.6,0.0,0.0,0.0,0.0,0.0,1.0,8.562733328301078,16.28,22.23189368115956,31.97,0.0,1.0,0.35,1.0,normal_concrete,1
379.5,605.0,1134.3,153.9,15.9,151.2,0.0,0.0,0.0,1.0,21.60848088262672,28.6,47.1,52.2,0.0,1.0,1.0,1.0,normal_concrete,1
380.0,594.0,932.0,228.0,0.0,95.0,0.0,0.0,0.0,1.0,27.724650816465427,30.601357755274332,32.82,36.45,0.0,0.3,1.0,1.0,normal_concrete,1
381.4,784.3,1104.6,185.7,0.0,0.0,0.0,0.0,0.0,1.0,3.3807641848210293,9.680990125187623,14.54,22.49,0.0,0.3,1.0,1.0,normal_concrete,1
382.0,739.0,1047.0,185.0,0.0,0.0,0.0,0.0,0.0,1.0,5.16264847299346,15.797746852832422,24.0,37.42,0.0,0.3,1.0,1.0,normal_concrete,1
382.0,739.0,1047.0,186.0,0.0,0.0,0.0,0.0,0.0,1.0,5.16264847299346,15.797746852832422,24.0,37.42,0.0,0.3,1.0,1.0,normal_concrete,1
382.5,739.3,1047.8,185.7,0.0,0.0,0.0,0.0,0.0,1.0,5.302832346044907,15.898306663365837,24.07,37.44,0.0,0.3,1.0,1.0,normal_concrete,1
385.0,763.0,966.0,186.0,0.0,0.0,0.0,0.0,0.0,1.0,6.27,14.7,23.22,31.35,1.0,1.0,1.0,1.0,normal_concrete,0
387.0,845.0,938.0,157.0,11.6,114.0,0.0,0.0,0.0,1.0,30.063701921182396,34.77,41.67,46.68,0.0,1.0,1.0,1.0,normal_concrete,1
387.0,845.0,938.0,157.0,13.9,114.0,0.0,0.0,0.0,1.0,21.073244817223937,25.51,45.9,46.68,0.0,1.0,1.0,1.0,normal_concrete,1
387.0,845.0,938.0,157.0,14.3,114.0,0.0,0.0,0.0,1.0,10.999357520421214,22.75,36.84,50.24,0.0,1.0,1.0,1.0,normal_concrete,1
388.6,925.7,852.1,157.9,12.1,97.1,0.0,0.0,0.0,1.0,16.12664283538342,28.1,34.9,50.7,0.0,1.0,1.0,1.0,normal_concrete,1
389.9,755.8,944.7,145.9,22.0,189.0,0.0,0.0,0.0,1.0,26.648295967995914,40.6,59.09,74.5,0.0,1.0,1.0,1.0,normal_concrete,1
393.0,758.0,940.0,192.0,0.0,0.0,0.0,0.0,0.0,1.0,9.041647624622254,19.11,26.875153833864644,39.58,0.0,1.0,0.35,1.0,normal_concrete,1
393.0,785.6,940.6,192.0,0.0,0.0,0.0,0.0,0.0,1.0,9.553566022403913,19.2,27.74,39.6,0.0,1.0,1.0,1.0,normal_concrete,1
397.0,734.3,1040.6,185.7,0.0,0.0,0.0,0.0,0.0,1.0,14.739940972350215,20.78657291260143,25.45,33.08,0.0,0.3,1.0,1.0,normal_concrete,1
400.0,745.0,1025.0,187.0,0.0,0.0,0.0,0.0,0.0,1.0,11.106133628449426,21.85217938333887,30.14,43.7,0.0,0.3,1.0,1.0,normal_concrete,1
401.8,852.1,946.8,147.4,11.4,94.7,0.0,0.0,0.0,1.0,28.883102075246267,41.1,54.1,68.5,0.0,1.0,1.0,1.0,normal_concrete,1
424.0,750.0,822.0,168.0,8.9,154.0,0.0,0.0,0.0,1.0,9.060830850124503,32.11,40.29,72.1,0.0,1.0,1.0,1.0,normal_concrete,1
424.0,750.0,822.0,178.0,8.5,154.0,0.0,0.0,0.0,1.0,6.645234523286073,24.911927344097407,39.0,62.05,0.0,0.3,1.0,1.0,normal_concrete,1
425.0,803.7,936.0,151.4,18.6,106.3,0.0,0.0,0.0,1.0,24.157342564179647,36.3,46.8,61.8,0.0,1.0,1.0,1.0,normal_concrete,1
425.0,887.1,852.1,153.5,16.5,106.3,0.0,0.0,0.0,1.0,22.881332601756583,33.4,49.2,60.29,0.0,1.0,1.0,1.0,normal_concrete,1
427.5,594.0,932.0,228.0,0.0,47.5,0.0,0.0,0.0,1.0,31.781357966582323,33.643688904929675,35.08,37.43,0.0,0.3,1.0,1.0,normal_concrete,1
439.0,707.9,884.9,186.0,11.1,177.0,0.0,0.0,0.0,1.0,29.393149249401567,39.3,56.1,66.0,0.0,1.0,1.0,1.0,normal_concrete,1
446.0,712.0,967.0,162.0,11.6,103.0,0.0,0.0,0.0,1.0,19.786574406845137,27.91,43.10999999999999,50.82333333333333,0.0,1.0,1.0,1.0,normal_concrete,1
469.0,840.5,852.1,137.8,32.2,117.2,0.0,0.0,0.0,1.0,29.27776968349881,40.2,54.9,66.9,0.0,1.0,1.0,1.0,normal_concrete,1
475.0,594.0,932.0,228.0,0.0,0.0,0.0,0.0,0.0,1.0,37.631462551890124,38.17827461463892,38.6,39.29,0.0,0.3,1.0,1.0,normal_concrete,1
475.0,781.5,852.1,181.1,8.9,118.8,0.0,0.0,0.0,1.0,25.810611955529545,37.8,55.6,68.3,0.0,1.0,1.0,1.0,normal_concrete,1
480.0,712.2,936.2,192.0,0.0,0.0,0.0,0.0,0.0,1.0,16.122431913457888,24.4,34.57,43.94,0.0,1.0,1.0,1.0,normal_concrete,1
480.0,721.0,936.0,192.0,0.0,0.0,0.0,0.0,0.0,1.0,14.798750790431546,24.39,31.787190999529088,43.89,0.0,1.0,0.35,1.0,normal_concrete,1
491.0,699.0,822.0,201.0,3.9,149.0,0.0,0.0,0.0,1.0,14.439413512710482,29.55,37.92,57.92,0.0,1.0,1.0,1.0,normal_concrete,1
491.0,699.0,882.0,210.0,3.9,149.0,0.0,0.0,0.0,1.0,9.202307230996912,25.61,33.49,55.55,0.0,1.0,1.0,1.0,normal_concrete,1
500.0,613.0,1125.0,200.0,0.0,0.0,0.0,0.0,0.0,1.0,12.64,26.06,33.21,44.09,1.0,1.0,1.0,1.0,normal_concrete,0
522.0,896.0,896.0,146.0,0.0,0.0,0.0,0.0,0.0,1.0,16.147975754014936,35.54791676284188,50.51,74.99,0.0,0.3,1.0,1.0,normal_concrete,1
525.0,613.0,1125.0,189.0,0.0,0.0,0.0,0.0,0.0,1.0,23.01726573061888,33.8,42.42,55.94,0.0,1.0,1.0,1.0,normal_concrete,1
531.3,893.7,852.1,141.8,28.2,0.0,0.0,0.0,0.0,1.0,33.81100101862126,41.3,46.9,56.4,0.0,1.0,1.0,1.0,normal_concrete,1
540.0,613.0,1125.0,173.0,0.0,0.0,0.0,0.0,0.0,1.0,29.60979714620804,41.64,52.61,67.31,0.0,1.0,1.0,1.0,normal_concrete,1
