cement,slag_kg,fly_ash,microsilica_kg,water,plasticizer_kg,gravel,sand,age,slump,strength_28,source,strength_1,strength_3,strength_7
273.0,82.0,105.0,0.0,210.0,9.0,904.0,680.0,28,230.0,34.99,UCI_Slump_Test_Yeh2007,,,
163.0,149.0,191.0,0.0,180.0,12.0,843.0,746.0,28,0.0,41.14,UCI_Slump_Test_Yeh2007,,,
162.0,148.0,191.0,0.0,179.0,16.0,840.0,743.0,28,10.0,41.81,UCI_Slump_Test_Yeh2007,,,
162.0,148.0,190.0,0.0,179.0,19.0,838.0,741.0,28,30.0,42.08,UCI_Slump_Test_Yeh2007,,,
154.0,112.0,144.0,0.0,220.0,10.0,923.0,658.0,28,200.0,26.82,UCI_Slump_Test_Yeh2007,,,
147.0,89.0,115.0,0.0,202.0,9.0,860.0,829.0,28,230.0,25.21,UCI_Slump_Test_Yeh2007,,,
152.0,139.0,178.0,0.0,168.0,18.0,944.0,695.0,28,0.0,38.86,UCI_Slump_Test_Yeh2007,,,
145.0,0.0,227.0,0.0,240.0,6.0,750.0,853.0,28,145.0,36.59,UCI_Slump_Test_Yeh2007,,,
152.0,0.0,237.0,0.0,204.0,6.0,785.0,892.0,28,155.0,32.71,UCI_Slump_Test_Yeh2007,,,
304.0,0.0,140.0,0.0,214.0,6.0,895.0,722.0,28,190.0,38.46,UCI_Slump_Test_Yeh2007,,,
145.0,106.0,136.0,0.0,208.0,10.0,751.0,883.0,28,245.0,26.02,UCI_Slump_Test_Yeh2007,,,
148.0,109.0,139.0,0.0,193.0,7.0,768.0,902.0,28,237.5,28.03,UCI_Slump_Test_Yeh2007,,,
142.0,130.0,167.0,0.0,215.0,6.0,735.0,836.0,28,255.0,31.37,UCI_Slump_Test_Yeh2007,,,
354.0,0.0,0.0,0.0,234.0,6.0,959.0,691.0,28,170.0,33.91,UCI_Slump_Test_Yeh2007,,,
374.0,0.0,0.0,0.0,190.0,7.0,,730.0,28,145.0,32.44,UCI_Slump_Test_Yeh2007,,,
159.0,116.0,149.0,0.0,175.0,15.0,953.0,720.0,28,235.0,34.05,UCI_Slump_Test_Yeh2007,,,
153.0,0.0,239.0,0.0,200.0,6.0,,684.0,28,120.0,28.29,UCI_Slump_Test_Yeh2007,,,
295.0,106.0,136.0,0.0,206.0,11.0,750.0,766.0,28,250.0,41.01,UCI_Slump_Test_Yeh2007,,,
310.0,0.0,143.0,0.0,168.0,10.0,914.0,804.0,28,205.0,49.3,UCI_Slump_Test_Yeh2007,,,
296.0,97.0,0.0,0.0,219.0,9.0,932.0,685.0,28,150.0,29.23,UCI_Slump_Test_Yeh2007,,,
305.0,100.0,0.0,0.0,196.0,10.0,959.0,705.0,28,200.0,29.77,UCI_Slump_Test_Yeh2007,,,
310.0,0.0,143.0,0.0,218.0,10.0,787.0,804.0,28,130.0,36.19,UCI_Slump_Test_Yeh2007,,,
148.0,180.0,0.0,0.0,183.0,11.0,972.0,757.0,28,0.0,18.52,UCI_Slump_Test_Yeh2007,,,
146.0,178.0,0.0,0.0,192.0,11.0,961.0,749.0,28,180.0,17.19,UCI_Slump_Test_Yeh2007,,,
142.0,130.0,167.0,0.0,174.0,11.0,883.0,785.0,28,0.0,36.72,UCI_Slump_Test_Yeh2007,,,
140.0,128.0,164.0,0.0,183.0,12.0,871.0,775.0,28,237.5,33.38,UCI_Slump_Test_Yeh2007,,,
308.0,111.0,142.0,0.0,217.0,10.0,783.0,686.0,28,250.0,42.08,UCI_Slump_Test_Yeh2007,,,
295.0,106.0,136.0,0.0,208.0,6.0,871.0,650.0,28,265.0,39.4,UCI_Slump_Test_Yeh2007,,,
298.0,107.0,137.0,0.0,201.0,6.0,878.0,655.0,28,160.0,41.27,UCI_Slump_Test_Yeh2007,,,
314.0,0.0,161.0,0.0,207.0,6.0,851.0,757.0,28,215.0,41.14,UCI_Slump_Test_Yeh2007,,,
321.0,0.0,164.0,0.0,190.0,5.0,870.0,774.0,28,240.0,45.82,UCI_Slump_Test_Yeh2007,,,
349.0,0.0,178.0,0.0,230.0,6.0,785.0,721.0,28,200.0,43.95,UCI_Slump_Test_Yeh2007,,,
366.0,0.0,187.0,0.0,191.0,7.0,824.0,757.0,28,247.5,52.65,UCI_Slump_Test_Yeh2007,,,
274.0,89.0,115.0,0.0,202.0,9.0,759.0,827.0,28,265.0,35.52,UCI_Slump_Test_Yeh2007,,,
137.0,167.0,214.0,0.0,226.0,6.0,708.0,757.0,28,275.0,34.45,UCI_Slump_Test_Yeh2007,,,
275.0,99.0,127.0,0.0,184.0,13.0,810.0,790.0,28,257.5,43.54,UCI_Slump_Test_Yeh2007,,,
252.0,76.0,97.0,0.0,194.0,8.0,835.0,821.0,28,230.0,33.11,UCI_Slump_Test_Yeh2007,,,
165.0,150.0,0.0,0.0,182.0,12.0,,729.0,28,145.0,18.26,UCI_Slump_Test_Yeh2007,,,
158.0,0.0,246.0,0.0,174.0,7.0,,706.0,28,190.0,34.99,UCI_Slump_Test_Yeh2007,,,
156.0,0.0,243.0,0.0,180.0,11.0,,698.0,28,210.0,33.78,UCI_Slump_Test_Yeh2007,,,
145.0,177.0,227.0,0.0,209.0,11.0,752.0,715.0,28,25.0,35.66,UCI_Slump_Test_Yeh2007,,,
154.0,141.0,181.0,0.0,234.0,11.0,797.0,683.0,28,230.0,33.51,UCI_Slump_Test_Yeh2007,,,
160.0,146.0,188.0,0.0,203.0,11.0,829.0,710.0,28,130.0,33.51,UCI_Slump_Test_Yeh2007,,,
291.0,105.0,0.0,0.0,205.0,6.0,859.0,797.0,28,240.0,27.62,UCI_Slump_Test_Yeh2007,,,
298.0,107.0,0.0,0.0,186.0,6.0,879.0,815.0,28,30.0,30.97,UCI_Slump_Test_Yeh2007,,,
318.0,126.0,0.0,0.0,210.0,6.0,861.0,737.0,28,175.0,31.77,UCI_Slump_Test_Yeh2007,,,
280.0,92.0,118.0,0.0,207.0,9.0,883.0,679.0,28,255.0,37.39,UCI_Slump_Test_Yeh2007,,,
287.0,94.0,121.0,0.0,188.0,9.0,904.0,696.0,28,250.0,43.01,UCI_Slump_Test_Yeh2007,,,
332.0,0.0,170.0,0.0,160.0,6.0,900.0,806.0,28,0.0,58.53,UCI_Slump_Test_Yeh2007,,,
326.0,0.0,167.0,0.0,174.0,6.0,884.0,792.0,28,215.0,52.65,UCI_Slump_Test_Yeh2007,,,
320.0,0.0,163.0,0.0,188.0,9.0,866.0,776.0,28,235.0,45.69,UCI_Slump_Test_Yeh2007,,,
342.0,136.0,0.0,0.0,225.0,11.0,770.0,747.0,28,210.0,32.04,UCI_Slump_Test_Yeh2007,,,
356.0,142.0,0.0,0.0,193.0,11.0,801.0,778.0,28,80.0,36.46,UCI_Slump_Test_Yeh2007,,,
309.0,0.0,142.0,0.0,218.0,10.0,912.0,680.0,28,240.0,38.59,UCI_Slump_Test_Yeh2007,,,
322.0,0.0,149.0,0.0,186.0,8.0,951.0,709.0,28,205.0,45.42,UCI_Slump_Test_Yeh2007,,,
159.0,193.0,0.0,0.0,208.0,12.0,821.0,818.0,28,230.0,19.19,UCI_Slump_Test_Yeh2007,,,
307.0,110.0,0.0,0.0,189.0,10.0,904.0,765.0,28,220.0,31.5,UCI_Slump_Test_Yeh2007,,,
313.0,124.0,0.0,0.0,205.0,11.0,846.0,758.0,28,220.0,29.63,UCI_Slump_Test_Yeh2007,,,
143.0,131.0,168.0,0.0,217.0,6.0,891.0,672.0,28,250.0,26.42,UCI_Slump_Test_Yeh2007,,,
140.0,128.0,164.0,0.0,237.0,6.0,869.0,656.0,28,240.0,29.5,UCI_Slump_Test_Yeh2007,,,
278.0,0.0,117.0,0.0,205.0,9.0,875.0,799.0,28,190.0,32.71,UCI_Slump_Test_Yeh2007,,,
288.0,0.0,121.0,0.0,177.0,7.0,908.0,829.0,28,225.0,39.93,UCI_Slump_Test_Yeh2007,,,
299.0,107.0,0.0,0.0,210.0,10.0,881.0,745.0,28,250.0,28.29,UCI_Slump_Test_Yeh2007,,,
291.0,104.0,0.0,0.0,231.0,9.0,857.0,725.0,28,230.0,30.43,UCI_Slump_Test_Yeh2007,,,
265.0,86.0,111.0,0.0,195.0,6.0,833.0,790.0,28,270.0,37.39,UCI_Slump_Test_Yeh2007,,,
159.0,0.0,248.0,0.0,175.0,12.0,,683.0,28,210.0,35.39,UCI_Slump_Test_Yeh2007,,,
160.0,0.0,250.0,0.0,168.0,12.0,,688.0,28,180.0,37.66,UCI_Slump_Test_Yeh2007,,,
166.0,0.0,260.0,0.0,183.0,13.0,859.0,827.0,28,210.0,40.34,UCI_Slump_Test_Yeh2007,,,
320.0,127.0,164.0,0.0,211.0,6.0,721.0,723.0,28,20.0,46.36,UCI_Slump_Test_Yeh2007,,,
336.0,134.0,0.0,0.0,222.0,6.0,756.0,787.0,28,260.0,31.9,UCI_Slump_Test_Yeh2007,,,
276.0,90.0,116.0,0.0,180.0,9.0,870.0,768.0,28,0.0,44.08,UCI_Slump_Test_Yeh2007,,,
313.0,112.0,0.0,0.0,220.0,10.0,794.0,789.0,28,230.0,28.16,UCI_Slump_Test_Yeh2007,,,
322.0,116.0,0.0,0.0,196.0,10.0,818.0,813.0,28,255.0,29.77,UCI_Slump_Test_Yeh2007,,,
294.0,106.0,136.0,0.0,207.0,6.0,747.0,778.0,28,240.0,41.27,UCI_Slump_Test_Yeh2007,,,
146.0,106.0,137.0,0.0,209.0,6.0,875.0,765.0,28,240.0,27.89,UCI_Slump_Test_Yeh2007,,,
149.0,109.0,139.0,0.0,193.0,6.0,892.0,780.0,28,235.0,28.7,UCI_Slump_Test_Yeh2007,,,
159.0,0.0,187.0,0.0,176.0,11.0,990.0,789.0,28,120.0,32.57,UCI_Slump_Test_Yeh2007,,,
261.0,78.0,100.0,0.0,201.0,9.0,864.0,761.0,28,230.0,34.18,UCI_Slump_Test_Yeh2007,,,
140.0,1.4,198.1,0.0,174.9,4.4,,780.5,28,162.5,30.83,UCI_Slump_Test_Yeh2007,,,
141.1,0.6,209.5,0.0,188.8,4.6,996.1,789.2,28,235.0,30.43,UCI_Slump_Test_Yeh2007,,,
140.1,4.2,215.9,0.0,193.9,4.7,,710.1,28,245.0,26.42,UCI_Slump_Test_Yeh2007,,,
140.1,11.8,226.1,0.0,207.8,4.9,,683.8,28,210.0,26.28,UCI_Slump_Test_Yeh2007,,,
160.2,0.3,240.0,0.0,233.5,9.2,781.0,841.1,28,240.0,36.19,UCI_Slump_Test_Yeh2007,,,
140.2,30.5,239.0,0.0,169.4,5.3,,742.7,28,212.5,36.32,UCI_Slump_Test_Yeh2007,,,
140.2,44.8,234.9,0.0,171.3,5.5,,704.0,28,235.0,33.78,UCI_Slump_Test_Yeh2007,,,
140.5,61.1,238.9,0.0,182.5,5.7,,681.4,28,245.0,30.97,UCI_Slump_Test_Yeh2007,,,
143.3,91.8,239.8,0.0,200.8,6.2,964.8,647.1,28,250.0,27.09,UCI_Slump_Test_Yeh2007,,,
194.3,0.3,240.0,0.0,234.2,8.9,780.6,811.3,28,265.0,38.46,UCI_Slump_Test_Yeh2007,,,
150.4,110.9,239.7,0.0,168.1,6.5,,667.2,28,95.0,37.92,UCI_Slump_Test_Yeh2007,,,
150.3,111.4,238.8,0.0,167.3,6.5,999.5,670.5,28,145.0,38.19,UCI_Slump_Test_Yeh2007,,,
155.4,122.1,240.0,0.0,179.9,6.7,966.8,652.5,28,145.0,35.52,UCI_Slump_Test_Yeh2007,,,
165.3,143.2,238.3,0.0,200.4,7.1,883.2,652.6,28,170.0,32.84,UCI_Slump_Test_Yeh2007,,,
303.8,0.2,239.8,0.0,236.4,8.3,780.1,715.3,28,250.0,44.48,UCI_Slump_Test_Yeh2007,,,
172.0,162.1,238.5,0.0,166.0,7.4,953.3,641.4,28,0.0,41.54,UCI_Slump_Test_Yeh2007,,,
172.8,158.3,239.5,0.0,166.4,7.4,952.6,644.1,28,0.0,41.81,UCI_Slump_Test_Yeh2007,,,
184.3,153.4,239.2,0.0,179.0,7.5,920.2,640.9,28,0.0,41.01,UCI_Slump_Test_Yeh2007,,,
215.6,112.9,239.0,0.0,198.7,7.4,884.0,649.1,28,275.0,39.13,UCI_Slump_Test_Yeh2007,,,
295.3,0.0,239.9,0.0,236.2,8.3,780.3,722.9,28,250.0,44.08,UCI_Slump_Test_Yeh2007,,,
248.3,101.0,239.1,0.0,168.9,7.7,954.2,640.6,28,0.0,49.97,UCI_Slump_Test_Yeh2007,,,
248.0,101.0,239.9,0.0,169.1,7.7,949.9,644.1,28,20.0,50.23,UCI_Slump_Test_Yeh2007,,,
258.8,88.0,239.6,0.0,175.3,7.6,938.9,646.0,28,0.0,50.5,UCI_Slump_Test_Yeh2007,,,
297.1,40.9,239.9,0.0,194.0,7.5,908.9,651.8,28,275.0,49.17,UCI_Slump_Test_Yeh2007,,,
348.7,0.1,223.1,0.0,208.5,9.6,786.2,758.1,28,290.0,48.77,UCI_Slump_Test_Yeh2007,,,
380.0,0.0,0.0,0.0,171.0,6.84,,832.0,28,210.0,42.8,Mendeley_Guangxi2022,,,
338.0,0.0,60.0,0.0,171.0,7.16,,824.0,28,205.0,42.2,Mendeley_Guangxi2022,,,
241.0,0.0,42.0,0.0,170.0,4.24,,896.0,28,180.0,24.4,Mendeley_Guangxi2022,,,
358.0,0.0,0.0,0.0,172.0,5.37,,823.0,28,180.0,41.6,Mendeley_Guangxi2022,,,
304.0,0.0,54.0,0.0,172.0,5.37,,823.0,28,190.0,41.2,Mendeley_Guangxi2022,,,
205.0,0.0,36.0,0.0,190.0,3.62,,925.0,28,180.0,22.2,Mendeley_Guangxi2022,,,
425.0,0.0,0.0,0.0,170.0,6.38,,758.0,28,195.0,52.4,Mendeley_Guangxi2022,,,
369.0,0.0,65.0,0.0,165.0,7.81,,738.0,28,205.0,53.5,Mendeley_Guangxi2022,,,
321.0,0.0,0.0,0.0,170.0,4.82,,859.0,28,180.0,36.4,Mendeley_Guangxi2022,,,
281.0,0.0,50.0,0.0,172.0,4.96,,835.0,28,185.0,35.8,Mendeley_Guangxi2022,,,
353.0,0.0,62.0,0.0,170.0,6.22,,780.0,28,180.0,46.6,Mendeley_Guangxi2022,,,
391.0,0.0,0.0,0.0,172.0,5.86,,790.0,28,180.0,46.2,Mendeley_Guangxi2022,,,
293.0,0.0,0.0,0.0,170.0,4.4,,891.0,28,180.0,30.6,Mendeley_Guangxi2022,,,
266.0,0.0,47.0,0.0,172.0,4.7,,843.0,28,180.0,29.8,Mendeley_Guangxi2022,,,
209.0,0.0,40.0,0.0,174.0,3.74,989.0,988.0,28,195.0,23.9,Mendeley_Guangxi2022,,,
235.0,0.0,45.0,0.0,171.0,4.2,,965.0,28,190.0,28.5,Mendeley_Guangxi2022,,,
270.0,0.0,51.0,0.0,170.0,4.82,,926.0,28,195.0,37.4,Mendeley_Guangxi2022,,,
319.0,0.0,61.0,0.0,167.0,5.7,,866.0,28,190.0,43.25,Mendeley_Guangxi2022,,,
332.0,0.0,63.0,0.0,174.0,7.11,968.0,893.0,28,215.0,42.55,Mendeley_Guangxi2022,,,
324.0,0.0,62.0,0.0,170.0,5.79,,843.0,28,195.0,42.5,Mendeley_Guangxi2022,,,
216.0,0.0,144.0,0.0,162.0,5.4,,789.0,28,200.0,43.2,Mendeley_Guangxi2022,,,
344.0,0.0,66.0,0.0,168.0,6.15,,842.0,28,195.0,47.0,Mendeley_Guangxi2022,,,
276.0,0.0,0.0,0.0,171.0,4.14,,927.0,28,195.0,28.95,Mendeley_Guangxi2022,,,
309.0,0.0,0.0,0.0,170.0,4.64,,893.0,28,195.0,37.55,Mendeley_Guangxi2022,,,
373.0,0.0,0.0,0.0,168.0,5.6,,869.0,28,200.0,42.0,Mendeley_Guangxi2022,,,
384.0,0.0,0.0,0.0,173.0,6.91,993.0,880.0,28,220.0,42.05,Mendeley_Guangxi2022,,,
384.0,0.0,0.0,0.0,168.0,5.76,,841.0,28,200.0,41.15,Mendeley_Guangxi2022,,,
395.0,0.0,0.0,0.0,166.0,5.92,,822.0,28,200.0,45.35,Mendeley_Guangxi2022,,,
431.0,0.0,0.0,0.0,168.0,7.76,,796.0,28,200.0,50.9,Mendeley_Guangxi2022,,,
470.0,0.0,0.0,0.0,190.0,5.64,929.0,761.0,28,115.0,35.85,Mendeley_Guangxi2022,,,
450.0,0.0,0.0,0.0,188.0,5.4,942.0,770.0,28,110.0,28.25,Mendeley_Guangxi2022,,,
250.0,0.0,0.0,0.0,270.0,0.0,0.0,,28,60.0,12.8,Mendeley_Guangxi2022,,,
300.0,0.0,0.0,0.0,270.0,0.0,0.0,,28,64.0,16.8,Mendeley_Guangxi2022,,,
320.0,0.0,0.0,0.0,280.0,0.0,0.0,,28,65.0,18.8,Mendeley_Guangxi2022,,,
400.0,0.0,0.0,0.0,280.0,0.0,0.0,,28,66.0,26.0,Mendeley_Guangxi2022,,,
540.0,0.0,0.0,0.0,300.0,0.0,0.0,,28,65.0,38.3,Mendeley_Guangxi2022,,,
560.0,0.0,0.0,0.0,250.0,5.6,0.0,,28,116.0,39.2,Mendeley_Guangxi2022,,,
500.0,0.0,0.0,0.0,240.0,0.0,805.0,805.0,28,110.0,40.33333333,Mendeley_Guangxi2022,,,
469.0,0.0,0.0,0.0,230.0,0.0,825.0,826.0,28,120.0,34.88333333,Mendeley_Guangxi2022,,,
500.0,0.0,4.0,0.0,185.0,0.0,833.0,832.0,28,120.0,42.0,Mendeley_Guangxi2022,,,
460.0,0.0,3.68,0.0,184.0,0.0,853.0,853.0,28,110.0,36.4,Mendeley_Guangxi2022,,,
386.0,0.0,0.0,0.0,170.0,6.95,,830.0,28,220.0,48.2,Mendeley_Guangxi2022,,,
320.0,0.0,80.0,0.0,168.0,7.2,,788.0,28,220.0,44.81666667,Mendeley_Guangxi2022,,,
313.0,0.0,69.0,0.0,172.0,5.73,,775.0,28,200.0,42.33333333,Mendeley_Guangxi2022,,,
375.0,0.0,0.0,0.0,165.0,5.62,,818.0,28,200.0,49.16666667,Mendeley_Guangxi2022,,,
305.0,0.0,54.0,0.0,165.0,5.38,,807.0,28,200.0,39.13333333,Mendeley_Guangxi2022,,,
344.0,0.0,0.0,0.0,165.0,5.16,,832.0,28,200.0,37.6,Mendeley_Guangxi2022,,,
317.0,0.0,0.0,0.0,165.0,4.76,,825.0,28,200.0,41.88333333,Mendeley_Guangxi2022,,,
286.0,0.0,50.0,0.0,168.0,5.04,,834.0,28,200.0,39.08333333,Mendeley_Guangxi2022,,,
365.0,0.0,0.0,0.0,168.0,5.48,,821.0,28,200.0,37.9,Mendeley_Guangxi2022,,,
382.0,0.0,0.0,0.0,168.0,5.73,,814.0,28,200.0,46.55,Mendeley_Guangxi2022,,,
378.0,0.0,0.0,0.0,170.0,5.67,,815.0,28,200.0,44.56666667,Mendeley_Guangxi2022,,,
336.0,0.0,59.0,0.0,170.0,5.92,,771.0,28,200.0,44.08333333,Mendeley_Guangxi2022,,,
434.0,0.0,0.0,0.0,165.0,7.81,,740.0,28,200.0,54.18333333,Mendeley_Guangxi2022,,,
382.0,0.0,67.0,0.0,166.0,8.08,,771.0,28,200.0,53.86666667,Mendeley_Guangxi2022,,,
444.0,0.0,0.0,0.0,160.0,7.99,,757.0,28,200.0,53.05,Mendeley_Guangxi2022,,,
376.0,0.0,66.0,0.0,168.0,7.96,,736.0,28,200.0,54.1,Mendeley_Guangxi2022,,,
275.0,0.0,0.0,0.0,165.0,4.13,,834.0,28,200.0,29.05,Mendeley_Guangxi2022,,,
295.0,0.0,0.0,0.0,165.0,4.43,,845.0,28,200.0,33.8,Mendeley_Guangxi2022,,,
259.0,0.0,46.0,0.0,168.0,4.58,,820.0,28,200.0,32.21666667,Mendeley_Guangxi2022,,,
446.0,0.0,0.0,0.0,165.0,6.69,,772.0,28,200.0,52.23333333,Mendeley_Guangxi2022,,,
242.0,0.0,0.0,0.0,160.0,3.63,,851.0,28,180.0,26.41666667,Mendeley_Guangxi2022,,,
383.0,0.0,0.0,0.0,153.0,6.13,,719.0,28,50.0,7.9,Mendeley_Guangxi2022,,,
393.0,0.0,0.0,0.0,165.0,5.5,,792.0,28,190.0,49.6,Mendeley_Guangxi2022,,,
225.0,0.0,150.0,0.0,165.0,7.5,,763.0,28,220.0,35.1,Mendeley_Guangxi2022,,,
234.0,0.0,41.0,0.0,165.0,3.9,,834.0,28,200.0,28.4,Mendeley_Guangxi2022,,,
252.0,0.0,48.0,0.0,168.0,4.2,,880.0,28,190.0,32.8,Mendeley_Guangxi2022,,,
293.0,0.0,0.0,0.0,168.0,4.1,,881.0,28,190.0,35.5,Mendeley_Guangxi2022,,,
257.0,0.0,45.0,0.0,166.0,4.5,,880.0,28,210.0,33.0,Mendeley_Guangxi2022,,,
276.0,0.0,60.0,0.0,168.0,5.0,,853.0,28,200.0,36.6,Mendeley_Guangxi2022,,,
323.0,0.0,0.0,0.0,168.0,4.8,,859.0,28,200.0,39.2,Mendeley_Guangxi2022,,,
293.0,0.0,64.0,0.0,168.0,5.4,,863.0,28,220.0,35.5,Mendeley_Guangxi2022,,,
343.0,0.0,0.0,0.0,169.0,5.1,,869.0,28,210.0,41.8,Mendeley_Guangxi2022,,,
313.0,0.0,60.0,0.0,168.0,6.0,,818.0,28,200.0,42.1,Mendeley_Guangxi2022,,,
370.0,0.0,0.0,0.0,170.0,5.9,,837.0,28,200.0,44.3,Mendeley_Guangxi2022,,,
321.0,0.0,70.0,0.0,168.0,7.0,976.0,865.0,28,220.0,42.7,Mendeley_Guangxi2022,,,
378.0,0.0,0.0,0.0,170.0,6.8,,852.0,28,220.0,48.8,Mendeley_Guangxi2022,,,
317.0,0.0,65.0,0.0,168.0,6.5,980.0,870.0,28,210.0,41.8,Mendeley_Guangxi2022,,,
365.0,0.0,0.0,0.0,168.0,6.2,990.0,877.0,28,220.0,44.0,Mendeley_Guangxi2022,,,
325.0,0.0,57.0,0.0,168.0,6.5,999.0,851.0,28,200.0,44.8,Mendeley_Guangxi2022,,,
373.0,0.0,0.0,0.0,168.0,6.3,,855.0,28,200.0,42.9,Mendeley_Guangxi2022,,,
376.0,0.0,70.0,0.0,165.0,8.0,,791.0,28,200.0,50.8,Mendeley_Guangxi2022,,,
423.0,0.0,0.0,0.0,165.0,7.6,,801.0,28,200.0,52.0,Mendeley_Guangxi2022,,,
385.0,0.0,73.0,0.0,165.0,8.2,,822.0,28,220.0,51.7,Mendeley_Guangxi2022,,,
434.0,0.0,0.0,0.0,165.0,7.8,,833.0,28,200.0,52.1,Mendeley_Guangxi2022,,,
340.0,0.0,60.0,0.0,168.0,6.8,,806.0,28,200.0,46.8,Mendeley_Guangxi2022,,,
391.0,0.0,0.0,0.0,168.0,6.6,,829.0,28,200.0,48.2,Mendeley_Guangxi2022,,,
463.0,0.0,0.0,0.0,185.0,6.5,901.0,901.0,28,140.0,35.9,Mendeley_Guangxi2022,,,
500.0,0.0,0.0,0.0,185.0,7.0,883.0,883.0,28,140.0,40.4,Mendeley_Guangxi2022,,,
295.0,0.0,103.0,0.0,171.0,5.97,970.0,861.0,28,220.0,46.35,Mendeley_Guangxi2022,,,
338.0,0.0,60.0,0.0,163.0,5.17,975.0,864.0,28,200.0,50.85,Mendeley_Guangxi2022,,,
296.0,0.0,52.0,0.0,160.0,3.83,,776.0,28,200.0,45.35,Mendeley_Guangxi2022,,,
280.0,0.0,50.0,0.0,165.0,3.96,,838.0,28,190.0,40.45,Mendeley_Guangxi2022,,,
269.0,0.0,48.0,0.0,168.0,3.8,,862.0,28,195.0,33.5,Mendeley_Guangxi2022,,,
238.0,0.0,42.0,0.0,168.0,3.36,,937.0,28,185.0,28.75,Mendeley_Guangxi2022,,,
350.0,0.0,62.0,0.0,165.0,5.36,,784.0,28,200.0,51.65,Mendeley_Guangxi2022,,,
357.0,0.0,63.0,0.0,168.0,6.3,,725.0,28,190.0,55.45,Mendeley_Guangxi2022,,,
494.0,0.0,0.0,0.0,158.0,7.41,,737.0,28,200.0,68.05,Mendeley_Guangxi2022,,,
480.0,0.0,47.0,0.0,158.0,7.91,,706.0,28,200.0,72.1,Mendeley_Guangxi2022,,,
318.0,0.0,80.0,0.0,171.0,5.17,970.0,861.0,28,190.0,46.35,Mendeley_Guangxi2022,,,
214.0,0.0,71.0,0.0,165.0,3.42,,917.0,28,180.0,26.4,Mendeley_Guangxi2022,,,
267.0,0.0,47.0,0.0,164.0,3.77,,903.0,28,180.0,34.15,Mendeley_Guangxi2022,,,
450.0,0.0,0.0,0.0,171.0,0.0,840.0,840.0,28,100.0,32.65,Mendeley_Guangxi2022,,,
470.0,0.0,0.0,0.0,178.0,0.0,826.0,826.0,28,100.0,35.85,Mendeley_Guangxi2022,,,
293.0,0.0,52.0,0.0,162.0,4.13,,871.0,28,200.0,34.2,Mendeley_Guangxi2022,,,
300.0,0.0,100.0,0.0,163.0,5.6,974.0,863.0,28,210.0,43.7,Mendeley_Guangxi2022,,,
323.0,0.0,57.0,0.0,162.0,4.94,,855.0,28,200.0,39.8,Mendeley_Guangxi2022,,,
298.0,0.0,100.0,0.0,172.0,5.97,970.0,860.0,28,230.0,43.75,Mendeley_Guangxi2022,,,
340.0,0.0,60.0,0.0,165.0,5.2,,826.0,28,180.0,43.7,Mendeley_Guangxi2022,,,
357.0,0.0,63.0,0.0,160.0,5.46,,823.0,28,200.0,57.0,Mendeley_Guangxi2022,,,
311.0,0.0,104.0,0.0,172.0,6.23,997.0,816.0,28,210.0,48.0,Mendeley_Guangxi2022,,,
483.0,0.0,0.0,0.0,162.0,7.25,,742.0,28,200.0,74.25,Mendeley_Guangxi2022,,,
194.0,0.0,65.0,0.0,179.0,3.11,,869.0,28,200.0,21.85,Mendeley_Guangxi2022,,,
214.0,0.0,71.0,0.0,185.0,3.42,,868.0,28,200.0,28.2,Mendeley_Guangxi2022,,,
260.0,0.0,65.0,0.0,172.0,3.9,,837.0,28,190.0,34.3,Mendeley_Guangxi2022,,,
301.0,0.0,75.0,0.0,169.0,4.51,,798.0,28,180.0,40.15,Mendeley_Guangxi2022,,,
301.0,0.0,75.0,0.0,169.0,4.51,,798.0,28,190.0,40.15,Mendeley_Guangxi2022,,,
330.0,0.0,82.0,0.0,169.0,4.94,,768.0,28,190.0,44.85,Mendeley_Guangxi2022,,,
354.0,0.0,89.0,0.0,164.0,5.32,,743.0,28,190.0,50.9,Mendeley_Guangxi2022,,,
314.0,0.0,79.0,0.0,169.0,4.72,,790.0,28,180.0,40.9,Mendeley_Guangxi2022,,,
346.0,0.0,87.0,0.0,169.0,5.2,,759.0,28,185.0,43.9,Mendeley_Guangxi2022,,,
322.0,0.0,80.0,0.0,177.0,6.03,,783.0,28,220.0,40.85,Mendeley_Guangxi2022,,,
418.0,0.0,0.0,0.0,205.0,2.93,838.0,838.0,28,100.0,28.7,Mendeley_Guangxi2022,,,
455.0,0.0,0.0,0.0,250.0,0.0,798.0,798.0,28,105.0,27.7,Mendeley_Guangxi2022,,,
466.0,0.0,0.0,0.0,205.0,3.26,814.0,814.0,28,110.0,35.7,Mendeley_Guangxi2022,,,
480.0,0.0,0.0,0.0,240.0,0.0,790.0,790.0,28,105.0,35.0,Mendeley_Guangxi2022,,,
294.0,0.0,73.0,0.0,169.0,4.4,,802.0,28,180.0,40.5,Mendeley_Guangxi2022,,,
322.0,0.0,80.0,0.0,169.0,4.82,,772.0,28,175.0,45.0,Mendeley_Guangxi2022,,,
346.0,0.0,86.0,0.0,164.0,6.05,,748.0,28,185.0,50.95,Mendeley_Guangxi2022,,,
307.0,0.0,77.0,0.0,169.0,4.61,,794.0,28,170.0,42.05,Mendeley_Guangxi2022,,,
307.0,0.0,77.0,0.0,169.0,4.61,,794.0,28,185.0,42.05,Mendeley_Guangxi2022,,,
338.0,0.0,84.0,0.0,169.0,5.06,,764.0,28,175.0,45.65,Mendeley_Guangxi2022,,,
314.0,0.0,79.0,0.0,177.0,5.9,,787.0,28,215.0,40.7,Mendeley_Guangxi2022,,,
440.0,0.0,0.0,0.0,220.0,0.0,820.0,820.0,28,120.0,28.1,Mendeley_Guangxi2022,,,
489.0,0.0,0.0,0.0,220.0,0.0,796.0,796.0,28,120.0,34.5,Mendeley_Guangxi2022,,,
301.0,0.0,75.0,0.0,169.0,4.51,,798.0,28,180.0,38.6,Mendeley_Guangxi2022,,,
301.0,0.0,75.0,0.0,169.0,4.51,,798.0,28,190.0,38.6,Mendeley_Guangxi2022,,,
322.0,0.0,80.0,0.0,177.0,6.03,,819.0,28,215.0,40.0,Mendeley_Guangxi2022,,,
194.0,0.0,65.0,0.0,179.0,3.37,,765.0,28,175.0,22.85,Mendeley_Guangxi2022,,,
221.0,0.0,74.0,0.0,177.0,3.54,,854.0,28,185.0,27.9,Mendeley_Guangxi2022,,,
260.0,0.0,65.0,0.0,172.0,3.9,,833.0,28,190.0,34.15,Mendeley_Guangxi2022,,,
334.0,0.0,68.0,0.0,169.0,5.23,,768.0,28,195.0,44.4,Mendeley_Guangxi2022,,,
359.0,0.0,74.0,0.0,169.0,6.5,,745.0,28,195.0,49.7,Mendeley_Guangxi2022,,,
307.0,0.0,77.0,0.0,169.0,4.61,,794.0,28,170.0,41.35,Mendeley_Guangxi2022,,,
307.0,0.0,77.0,0.0,169.0,4.61,,794.0,28,185.0,41.35,Mendeley_Guangxi2022,,,
350.0,0.0,72.0,0.0,169.0,5.49,,760.0,28,190.0,47.25,Mendeley_Guangxi2022,,,
314.0,0.0,79.0,0.0,173.0,5.9,,825.0,28,220.0,39.65,Mendeley_Guangxi2022,,,
301.0,0.0,75.0,0.0,169.0,4.51,,816.0,28,195.0,39.15,Mendeley_Guangxi2022,,,
334.0,0.0,68.0,0.0,169.0,5.23,,786.0,28,185.0,44.1,Mendeley_Guangxi2022,,,
351.0,0.0,72.0,0.0,165.0,6.34,,751.0,28,195.0,49.45,Mendeley_Guangxi2022,,,
197.0,0.0,66.0,0.0,179.0,3.42,,859.0,28,180.0,22.7,Mendeley_Guangxi2022,,,
221.0,0.0,74.0,0.0,177.0,3.54,,854.0,28,185.0,27.55,Mendeley_Guangxi2022,,,
260.0,0.0,65.0,0.0,172.0,3.9,,700.0,28,185.0,34.2,Mendeley_Guangxi2022,,,
494.0,0.0,0.0,0.0,158.0,7.41,,683.0,28,195.0,63.0,Mendeley_Guangxi2022,,,
470.0,0.0,0.0,0.0,157.0,7.05,,693.0,28,195.0,61.6,Mendeley_Guangxi2022,,,
352.0,0.0,88.0,0.0,176.0,6.6,981.0,803.0,28,215.0,46.25,Mendeley_Guangxi2022,,,
331.0,0.0,83.0,0.0,174.0,6.21,997.0,815.0,28,220.0,44.15,Mendeley_Guangxi2022,,,
353.0,0.0,88.0,0.0,172.0,5.73,,715.0,28,175.0,44.95,Mendeley_Guangxi2022,,,
386.0,0.0,68.0,0.0,168.0,5.9,,729.0,28,180.0,49.3,Mendeley_Guangxi2022,,,
305.0,0.0,76.0,0.0,164.0,4.95,,816.0,28,175.0,43.05,Mendeley_Guangxi2022,,,
262.0,0.0,88.0,0.0,168.0,4.55,,790.0,28,170.0,36.9,Mendeley_Guangxi2022,,,
247.0,0.0,82.0,0.0,168.0,4.28,,838.0,28,175.0,34.2,Mendeley_Guangxi2022,,,
346.0,0.0,87.0,0.0,173.0,6.5,987.0,807.0,28,210.0,46.3,Mendeley_Guangxi2022,,,
328.0,0.0,82.0,0.0,172.0,6.15,,818.0,28,210.0,53.7,Mendeley_Guangxi2022,,,
328.0,0.0,82.0,0.0,172.0,6.15,,818.0,28,215.0,53.7,Mendeley_Guangxi2022,,,
367.0,0.0,80.0,0.0,170.0,6.26,,749.0,28,180.0,47.4,Mendeley_Guangxi2022,,,
336.0,0.0,84.0,0.0,168.0,5.46,,761.0,28,180.0,47.5,Mendeley_Guangxi2022,,,
305.0,0.0,76.0,0.0,164.0,4.95,,816.0,28,175.0,48.85,Mendeley_Guangxi2022,,,
491.0,0.0,0.0,0.0,157.0,7.37,,719.0,28,190.0,67.3,Mendeley_Guangxi2022,,,
247.0,0.0,82.0,0.0,168.0,3.95,,837.0,28,175.0,39.95,Mendeley_Guangxi2022,,,
206.0,0.0,45.0,0.0,171.0,3.01,,890.0,28,160.0,28.4,Mendeley_Guangxi2022,,,
245.0,0.0,0.0,0.0,290.0,0.0,0.0,,28,58.0,9.8,Mendeley_Guangxi2022,,,
275.0,0.0,0.0,0.0,285.0,0.0,0.0,,28,60.0,13.7,Mendeley_Guangxi2022,,,
315.0,0.0,0.0,0.0,280.0,0.0,0.0,,28,59.0,19.7,Mendeley_Guangxi2022,,,
343.0,0.0,75.0,0.0,163.0,5.85,,814.0,28,180.0,51.5,Mendeley_Guangxi2022,,,
303.0,0.0,67.0,0.0,163.0,5.18,,821.0,28,180.0,42.1,Mendeley_Guangxi2022,,,
199.0,0.0,44.0,0.0,175.0,2.92,,893.0,28,180.0,17.9,Mendeley_Guangxi2022,,,
497.0,0.0,0.0,0.0,159.0,7.46,,753.0,28,190.0,62.8,Mendeley_Guangxi2022,,,
481.82,0.0,0.0,0.0,159.0,7.22,,742.0,28,200.0,66.55,Mendeley_Guangxi2022,,,
365.0,0.0,64.0,0.0,163.0,6.01,,786.0,28,190.0,50.0,Mendeley_Guangxi2022,,,
491.0,0.0,50.0,0.0,157.0,7.37,,717.0,28,190.0,60.8,Mendeley_Guangxi2022,,,
491.0,0.0,0.0,0.0,157.0,7.37,,735.0,28,190.0,61.0,Mendeley_Guangxi2022,,,
305.0,0.0,76.0,0.0,164.0,4.95,,798.0,28,190.0,44.9,Mendeley_Guangxi2022,,,
328.0,0.0,82.0,0.0,172.0,6.15,,782.0,28,215.0,44.41666667,Mendeley_Guangxi2022,,,
354.0,0.0,89.0,0.0,177.0,6.65,,748.0,28,215.0,47.83333333,Mendeley_Guangxi2022,,,
383.0,0.0,68.0,0.0,167.0,5.86,,739.0,28,190.0,51.43333333,Mendeley_Guangxi2022,,,
344.0,0.0,86.0,0.0,172.0,6.45,989.0,809.0,28,210.0,46.88333333,Mendeley_Guangxi2022,,,
328.0,0.0,82.0,0.0,172.0,6.15,,818.0,28,210.0,41.1,Mendeley_Guangxi2022,,,
328.0,0.0,82.0,0.0,172.0,6.15,,818.0,28,215.0,41.1,Mendeley_Guangxi2022,,,
328.0,0.0,82.0,0.0,172.0,5.74,982.0,836.0,28,195.0,45.93333333,Mendeley_Guangxi2022,,,
298.0,0.0,75.0,0.0,168.0,5.22,985.0,874.0,28,190.0,41.35,Mendeley_Guangxi2022,,,
347.0,0.0,87.0,0.0,178.0,6.51,966.0,822.0,28,210.0,45.75,Mendeley_Guangxi2022,,,
330.0,0.0,82.0,0.0,173.0,6.18,980.0,835.0,28,215.0,41.96666667,Mendeley_Guangxi2022,,,
285.0,0.0,71.0,0.0,171.0,4.63,,862.0,28,175.0,36.15,Mendeley_Guangxi2022,,,
265.0,0.0,66.0,0.0,172.0,4.3,,892.0,28,185.0,30.21666667,Mendeley_Guangxi2022,,,
238.0,0.0,60.0,0.0,176.0,3.87,,924.0,28,170.0,25.41666667,Mendeley_Guangxi2022,,,
226.0,0.0,57.0,0.0,170.0,3.68,,935.0,28,175.0,17.98333333,Mendeley_Guangxi2022,,,
350.0,0.0,88.0,0.0,171.0,6.13,,819.0,28,180.0,49.73333333,Mendeley_Guangxi2022,,,
494.0,0.0,0.0,0.0,163.0,7.41,,713.0,28,180.0,61.0,Mendeley_Guangxi2022,,,
346.0,0.0,86.0,0.0,164.0,6.05,,807.0,28,190.0,49.7,Mendeley_Guangxi2022,,,
318.0,0.0,80.0,0.0,163.0,5.58,,828.0,28,200.0,44.78333333,Mendeley_Guangxi2022,,,
289.0,0.0,72.0,0.0,159.0,5.05,,865.0,28,180.0,40.3,Mendeley_Guangxi2022,,,
357.0,0.0,89.0,0.0,165.0,5.8,,746.0,28,180.0,49.56666667,Mendeley_Guangxi2022,,,
356.0,0.0,89.0,0.0,166.0,6.23,,819.0,28,180.0,49.48333333,Mendeley_Guangxi2022,,,
497.0,0.0,0.0,0.0,159.0,7.46,,696.0,28,190.0,59.46666667,Mendeley_Guangxi2022,,,
252.0,0.0,45.0,0.0,172.0,3.27,975.0,936.0,28,170.0,21.05,Mendeley_Guangxi2022,,,
263.0,0.0,46.0,0.0,173.0,3.71,987.0,911.0,28,185.0,24.65,Mendeley_Guangxi2022,,,
283.0,0.0,50.0,0.0,170.0,4.33,,873.0,28,170.0,32.7,Mendeley_Guangxi2022,,,
308.0,0.0,54.0,0.0,170.0,4.34,,859.0,28,190.0,34.95,Mendeley_Guangxi2022,,,
328.0,0.0,58.0,0.0,170.0,5.4,977.0,867.0,28,190.0,43.8,Mendeley_Guangxi2022,,,
354.0,0.0,63.0,0.0,175.0,6.26,958.0,850.0,28,210.0,44.9,Mendeley_Guangxi2022,,,
348.0,0.0,62.0,0.0,172.0,5.74,969.0,859.0,28,190.0,45.25,Mendeley_Guangxi2022,,,
374.0,0.0,66.0,0.0,176.0,6.16,938.0,866.0,28,205.0,45.15,Mendeley_Guangxi2022,,,
385.0,0.0,68.0,0.0,172.0,6.34,,790.0,28,200.0,49.75,Mendeley_Guangxi2022,,,
400.0,0.0,0.0,0.0,172.0,6.0,979.0,869.0,28,185.0,45.4,Mendeley_Guangxi2022,,,
491.0,0.0,0.0,0.0,162.0,6.38,,715.0,28,210.0,61.95,Mendeley_Guangxi2022,,,
358.0,0.0,63.0,0.0,160.0,5.47,,795.0,28,190.0,53.6,Mendeley_Guangxi2022,,,
361.0,0.0,64.0,0.0,170.0,5.53,975.0,830.0,28,210.0,46.1,Mendeley_Guangxi2022,,,
351.0,0.0,62.0,0.0,161.0,5.37,,812.0,28,185.0,44.65,Mendeley_Guangxi2022,,,
340.0,0.0,60.0,0.0,172.0,5.6,987.0,841.0,28,215.0,43.95,Mendeley_Guangxi2022,,,
324.0,0.0,57.0,0.0,164.0,5.33,,853.0,28,190.0,41.75,Mendeley_Guangxi2022,,,
293.0,0.0,52.0,0.0,162.0,4.83,,871.0,28,180.0,35.15,Mendeley_Guangxi2022,,,
251.0,0.0,44.0,0.0,162.0,4.13,,885.0,28,185.0,32.05,Mendeley_Guangxi2022,,,
231.0,0.0,41.0,0.0,163.0,3.54,,886.0,28,175.0,26.45,Mendeley_Guangxi2022,,,
207.0,0.0,36.0,0.0,165.0,2.92,,898.0,28,180.0,22.9,Mendeley_Guangxi2022,,,
355.0,0.0,63.0,0.0,163.0,5.43,,795.0,28,170.0,50.55,Mendeley_Guangxi2022,,,
322.0,0.0,57.0,0.0,163.0,5.31,,836.0,28,160.0,40.15,Mendeley_Guangxi2022,,,
257.0,0.0,45.0,0.0,163.0,4.23,,862.0,28,160.0,29.2,Mendeley_Guangxi2022,,,
365.0,0.0,64.0,0.0,163.0,5.58,998.0,850.0,28,170.0,53.15,Mendeley_Guangxi2022,,,
497.0,0.0,60.0,0.0,164.0,7.46,,772.0,28,180.0,64.55,Mendeley_Guangxi2022,,,
236.0,0.0,59.0,0.0,174.0,2.95,,927.0,28,160.0,23.9,Mendeley_Guangxi2022,,,
259.0,0.0,65.0,0.0,175.0,3.24,,855.0,28,170.0,30.1,Mendeley_Guangxi2022,,,
285.0,0.0,71.0,0.0,174.0,3.56,,842.0,28,170.0,35.2,Mendeley_Guangxi2022,,,
317.0,0.0,79.0,0.0,174.0,3.95,,823.0,28,190.0,39.8,Mendeley_Guangxi2022,,,
331.0,0.0,83.0,0.0,178.0,0.06,994.0,814.0,28,210.0,39.3,Mendeley_Guangxi2022,,,
371.0,0.0,60.0,0.0,168.0,4.74,991.0,810.0,28,190.0,45.7,Mendeley_Guangxi2022,,,
340.0,0.0,80.0,0.0,166.0,4.62,998.0,816.0,28,190.0,45.8,Mendeley_Guangxi2022,,,
391.0,0.0,58.0,0.0,166.0,5.39,982.0,803.0,28,200.0,50.2,Mendeley_Guangxi2022,,,
222.0,0.0,136.0,0.0,161.0,3.94,,846.0,28,200.0,38.5,Mendeley_Guangxi2022,,,
395.0,0.0,59.0,0.0,168.0,5.45,996.0,782.0,28,180.0,51.3,Mendeley_Guangxi2022,,,
328.0,0.0,141.0,0.0,164.0,7.04,954.0,813.0,28,200.0,50.3,Mendeley_Guangxi2022,,,
491.0,0.0,0.0,0.0,157.0,7.37,,775.0,28,190.0,60.5,Mendeley_Guangxi2022,,,
491.0,0.0,0.0,0.0,157.0,7.86,991.0,811.0,28,200.0,63.8,Mendeley_Guangxi2022,,,
250.0,0.0,0.0,0.0,230.0,0.0,0.0,,28,60.0,12.1,Mendeley_Guangxi2022,,,
310.0,0.0,0.0,0.0,250.0,0.0,0.0,,28,70.0,15.4,Mendeley_Guangxi2022,,,
581.0,0.0,0.0,0.0,310.0,0.0,0.0,,28,150.0,30.3,Mendeley_Guangxi2022,,,
454.0,0.0,0.0,0.0,218.0,0.0,839.0,839.0,28,90.0,29.6,Mendeley_Guangxi2022,,,
489.0,0.0,0.0,0.0,215.0,0.0,823.0,823.0,28,90.0,35.1,Mendeley_Guangxi2022,,,
368.0,0.0,60.0,0.0,167.0,6.42,,794.0,28,205.0,48.31,Mendeley_Guangxi2022,,,
339.0,0.0,85.0,0.0,174.0,4.2,,793.0,28,220.0,53.0,Mendeley_Guangxi2022,,,
305.0,0.0,76.0,0.0,160.0,3.8,,818.0,28,195.0,56.3,Mendeley_Guangxi2022,,,
270.0,0.0,0.0,0.0,270.0,0.0,0.0,,28,60.0,12.2,Mendeley_Guangxi2022,,,
315.0,0.0,0.0,0.0,285.0,0.0,0.0,,28,65.0,18.4,Mendeley_Guangxi2022,,,
400.0,0.0,0.0,0.0,290.0,0.0,0.0,,28,70.0,27.1,Mendeley_Guangxi2022,,,
251.0,0.0,63.0,0.0,160.0,3.1,,858.0,28,195.0,45.4,Mendeley_Guangxi2022,,,
216.0,0.0,92.0,0.0,160.0,3.1,,860.0,28,180.0,40.2,Mendeley_Guangxi2022,,,
246.0,0.0,62.0,0.0,160.0,3.1,,822.0,28,180.0,44.5,Mendeley_Guangxi2022,,,
213.0,0.0,91.0,0.0,167.0,3.0,,827.0,28,185.0,38.7,Mendeley_Guangxi2022,,,
211.0,0.0,91.0,0.0,160.0,3.0,,844.0,28,180.0,53.2,Mendeley_Guangxi2022,,,
324.0,0.0,57.0,0.0,160.0,3.8,,837.0,28,185.0,58.8,Mendeley_Guangxi2022,,,
316.0,0.0,56.0,0.0,160.0,3.7,,822.0,28,180.0,53.1,Mendeley_Guangxi2022,,,
300.0,0.0,100.0,0.0,160.0,4.0,,828.0,28,195.0,48.7,Mendeley_Guangxi2022,,,
358.0,0.0,63.0,0.0,160.0,5.1,,800.0,28,190.0,53.7,Mendeley_Guangxi2022,,,
650.0,0.0,0.0,0.0,310.0,0.0,0.0,,28,70.0,43.9,Mendeley_Guangxi2022,,,
439.0,0.0,0.0,0.0,158.0,4.39,,685.0,28,200.0,60.1,Mendeley_Guangxi2022,,,
444.0,0.0,0.0,0.0,160.0,4.44,,682.0,28,180.0,59.0,Mendeley_Guangxi2022,,,
369.0,0.0,65.0,0.0,165.0,5.21,,787.0,28,200.0,61.4,Mendeley_Guangxi2022,,,
367.0,0.0,65.0,0.0,160.0,5.19,,771.0,28,190.0,65.6,Mendeley_Guangxi2022,,,
421.0,0.0,48.0,15.0,150.0,6.29,,736.0,28,200.0,76.3,Mendeley_Guangxi2022,,,
435.0,0.0,50.0,15.0,155.0,6.5,,746.0,28,170.0,69.9,Mendeley_Guangxi2022,,,
210.0,0.0,37.0,0.0,158.0,2.47,,858.0,28,195.0,23.8,Mendeley_Guangxi2022,,,
244.0,0.0,43.0,0.0,158.0,3.44,,909.0,28,200.0,28.6,Mendeley_Guangxi2022,,,
269.0,0.0,47.0,0.0,158.0,3.48,,810.0,28,200.0,36.4,Mendeley_Guangxi2022,,,
477.0,0.0,0.0,0.0,210.0,4.77,865.0,798.0,28,120.0,37.7,Mendeley_Guangxi2022,,,
335.0,0.0,50.0,0.0,158.0,4.62,,782.0,28,200.0,42.0,Mendeley_Guangxi2022,,,
330.0,0.0,72.0,0.0,165.0,5.23,,782.0,28,220.0,41.6,Mendeley_Guangxi2022,,,
362.0,0.0,54.0,0.0,158.0,5.41,,769.0,28,200.0,46.3,Mendeley_Guangxi2022,,,
488.0,0.0,0.0,0.0,210.0,3.9,888.0,756.0,28,120.0,42.6,Mendeley_Guangxi2022,,,
277.0,0.0,69.0,0.0,180.0,5.19,993.0,881.0,28,175.0,34.65,Mendeley_Guangxi2022,,,
253.0,0.0,63.0,0.0,180.0,4.74,,895.0,28,180.0,28.55,Mendeley_Guangxi2022,,,
395.0,0.0,0.0,0.0,170.0,5.93,954.0,881.0,28,220.0,41.45,Mendeley_Guangxi2022,,,
257.0,0.0,0.0,0.0,180.0,3.34,,883.0,28,190.0,25.1,Mendeley_Guangxi2022,,,
275.0,0.0,0.0,0.0,173.0,3.85,,878.0,28,200.0,30.9,Mendeley_Guangxi2022,,,
330.0,0.0,0.0,0.0,165.0,4.95,,819.0,28,195.0,36.85,Mendeley_Guangxi2022,,,
360.0,0.0,0.0,0.0,162.0,5.4,,789.0,28,195.0,42.65,Mendeley_Guangxi2022,,,
373.0,0.0,42.0,0.0,170.0,8.3,944.0,871.0,28,220.0,43.25,Mendeley_Guangxi2022,,,
251.0,0.0,28.0,0.0,195.0,5.58,,924.0,28,195.0,24.85,Mendeley_Guangxi2022,,,
251.0,0.0,28.0,0.0,195.0,5.58,,924.0,28,200.0,24.85,Mendeley_Guangxi2022,,,
270.0,0.0,30.0,0.0,180.0,6.0,,902.0,28,200.0,30.95,Mendeley_Guangxi2022,,,
315.0,0.0,35.0,0.0,175.0,7.0,,863.0,28,200.0,35.7,Mendeley_Guangxi2022,,,
354.0,0.0,39.0,0.0,165.0,7.86,,829.0,28,200.0,44.35,Mendeley_Guangxi2022,,,
373.0,0.0,42.0,0.0,170.0,8.3,944.0,871.0,28,220.0,42.25,Mendeley_Guangxi2022,,,
251.0,0.0,28.0,0.0,195.0,5.58,,924.0,28,195.0,23.15,Mendeley_Guangxi2022,,,
251.0,0.0,28.0,0.0,195.0,5.58,,924.0,28,200.0,23.15,Mendeley_Guangxi2022,,,
270.0,0.0,30.0,0.0,180.0,6.0,,902.0,28,200.0,29.75,Mendeley_Guangxi2022,,,
315.0,0.0,35.0,0.0,175.0,7.0,,863.0,28,200.0,34.55,Mendeley_Guangxi2022,,,
354.0,0.0,39.0,0.0,165.0,7.86,,829.0,28,200.0,41.15,Mendeley_Guangxi2022,,,
373.0,0.0,42.0,0.0,170.0,8.3,944.0,871.0,28,220.0,41.15,Mendeley_Guangxi2022,,,
251.0,0.0,28.0,0.0,195.0,5.58,,924.0,28,195.0,23.3,Mendeley_Guangxi2022,,,
251.0,0.0,28.0,0.0,195.0,5.58,,924.0,28,200.0,23.3,Mendeley_Guangxi2022,,,
315.0,0.0,35.0,0.0,175.0,7.0,,863.0,28,200.0,34.85,Mendeley_Guangxi2022,,,
354.0,0.0,39.0,0.0,165.0,7.86,,829.0,28,200.0,41.6,Mendeley_Guangxi2022,,,
373.0,0.0,42.0,0.0,170.0,8.3,944.0,871.0,28,220.0,43.3,Mendeley_Guangxi2022,,,
251.0,0.0,28.0,0.0,195.0,5.58,,924.0,28,195.0,24.1,Mendeley_Guangxi2022,,,
251.0,0.0,28.0,0.0,195.0,5.58,,924.0,28,200.0,24.1,Mendeley_Guangxi2022,,,
270.0,0.0,30.0,0.0,180.0,6.0,,902.0,28,200.0,30.45,Mendeley_Guangxi2022,,,
315.0,0.0,35.0,0.0,175.0,7.0,,863.0,28,200.0,37.1,Mendeley_Guangxi2022,,,
354.0,0.0,39.0,0.0,165.0,7.86,,829.0,28,200.0,43.25,Mendeley_Guangxi2022,,,
251.0,0.0,28.0,0.0,195.0,12.56,,924.0,28,200.0,23.05,Mendeley_Guangxi2022,,,
424.0,0.0,47.0,0.0,160.0,8.48,,743.0,28,200.0,52.8,Mendeley_Guangxi2022,,,
369.0,0.0,41.0,0.0,168.0,12.3,984.0,838.0,28,210.0,41.8,Mendeley_Guangxi2022,,,
497.0,0.0,0.0,0.0,154.0,8.95,,702.0,28,200.0,64.5,Mendeley_Guangxi2022,,,
528.0,0.0,0.0,0.0,190.0,5.28,791.0,791.0,28,185.0,33.95,Mendeley_Guangxi2022,,,
475.0,0.0,0.0,25.0,155.0,6.0,,772.0,28,205.0,67.15,Mendeley_Guangxi2022,,,
460.0,0.0,0.0,25.0,155.0,5.82,,778.0,28,210.0,67.9,Mendeley_Guangxi2022,,,
470.0,0.0,0.0,25.0,158.0,5.94,,773.0,28,200.0,69.9,Mendeley_Guangxi2022,,,
340.0,0.0,85.0,0.0,170.0,5.1,957.0,848.0,28,210.0,43.25,Mendeley_Guangxi2022,,,
206.0,0.0,69.0,0.0,165.0,2.75,980.0,980.0,28,190.0,22.55,Mendeley_Guangxi2022,,,
225.0,0.0,75.0,0.0,165.0,3.0,967.0,968.0,28,190.0,28.0,Mendeley_Guangxi2022,,,
257.0,0.0,73.0,0.0,165.0,3.3,,895.0,28,195.0,33.95,Mendeley_Guangxi2022,,,
276.0,0.0,78.0,0.0,170.0,3.54,994.0,882.0,28,185.0,38.85,Mendeley_Guangxi2022,,,
366.0,0.0,70.0,0.0,170.0,4.36,933.0,861.0,28,195.0,43.9,Mendeley_Guangxi2022,,,
424.0,0.0,47.0,0.0,165.0,5.65,,759.0,28,195.0,51.95,Mendeley_Guangxi2022,,,
462.0,0.0,57.0,0.0,161.0,6.23,,761.0,28,195.0,62.3,Mendeley_Guangxi2022,,,
234.0,0.0,41.0,0.0,165.0,2.75,980.0,980.0,28,180.0,22.85,Mendeley_Guangxi2022,,,
276.0,0.0,41.0,0.0,165.0,3.17,997.0,921.0,28,195.0,28.65,Mendeley_Guangxi2022,,,
303.0,0.0,34.0,0.0,165.0,3.37,,873.0,28,195.0,34.6,Mendeley_Guangxi2022,,,
337.0,0.0,38.0,0.0,165.0,3.75,,837.0,28,185.0,40.0,Mendeley_Guangxi2022,,,
392.0,0.0,44.0,0.0,170.0,4.36,969.0,825.0,28,190.0,44.5,Mendeley_Guangxi2022,,,
401.0,0.0,45.0,0.0,165.0,5.35,966.0,823.0,28,195.0,49.65,Mendeley_Guangxi2022,,,
478.0,0.0,0.0,0.0,153.0,5.74,,783.0,28,200.0,62.15,Mendeley_Guangxi2022,,,
340.0,0.0,85.0,0.0,170.0,5.1,957.0,848.0,28,210.0,43.5,Mendeley_Guangxi2022,,,
276.0,0.0,78.0,0.0,170.0,3.54,994.0,882.0,28,185.0,39.1,Mendeley_Guangxi2022,,,
389.0,0.0,69.0,0.0,165.0,5.5,,764.0,28,195.0,50.0,Mendeley_Guangxi2022,,,
206.0,0.0,69.0,0.0,165.0,2.75,980.0,980.0,28,190.0,25.0,Mendeley_Guangxi2022,,,
257.0,0.0,73.0,0.0,165.0,3.3,,895.0,28,195.0,34.9,Mendeley_Guangxi2022,,,
358.0,0.0,89.0,0.0,170.0,5.81,963.0,820.0,28,210.0,46.7,Mendeley_Guangxi2022,,,
235.0,0.0,65.0,0.0,165.0,3.0,,890.0,28,190.0,25.4,Mendeley_Guangxi2022,,,
395.0,0.0,62.0,19.0,157.0,5.71,,781.0,28,195.0,60.9,Mendeley_Guangxi2022,,,
409.0,0.0,54.0,24.0,151.0,5.84,,761.0,28,195.0,66.4,Mendeley_Guangxi2022,,,
391.0,0.0,78.0,20.0,156.0,6.85,996.0,759.0,28,210.0,72.5,Mendeley_Guangxi2022,,,
391.0,0.0,78.0,20.0,156.0,6.36,996.0,758.0,28,210.0,72.6,Mendeley_Guangxi2022,,,
416.0,0.0,73.0,0.0,156.0,6.36,,776.0,28,210.0,63.8,Mendeley_Guangxi2022,,,
489.0,0.0,0.0,0.0,156.0,6.85,,776.0,28,200.0,61.2,Mendeley_Guangxi2022,,,
440.0,0.0,49.0,0.0,156.0,6.85,,776.0,28,200.0,60.4,Mendeley_Guangxi2022,,,
208.0,0.0,52.0,0.0,156.0,3.12,,893.0,28,210.0,25.05,Mendeley_Guangxi2022,,,
232.0,0.0,58.0,0.0,160.0,3.48,,878.0,28,200.0,29.65,Mendeley_Guangxi2022,,,
256.0,0.0,64.0,0.0,160.0,3.84,,864.0,28,210.0,37.75,Mendeley_Guangxi2022,,,
308.0,0.0,77.0,0.0,173.0,5.39,959.0,883.0,28,220.0,43.2,Mendeley_Guangxi2022,,,
306.0,0.0,54.0,0.0,168.0,4.32,992.0,880.0,28,210.0,42.7,Mendeley_Guangxi2022,,,
216.0,0.0,144.0,0.0,162.0,5.04,,789.0,28,200.0,38.9,Mendeley_Guangxi2022,,,
351.0,0.0,39.0,0.0,168.0,5.46,,774.0,28,210.0,47.7,Mendeley_Guangxi2022,,,
445.0,0.0,50.0,0.0,152.0,8.91,,757.0,28,200.0,67.2,Mendeley_Guangxi2022,,,
382.0,0.0,43.0,0.0,159.0,7.65,,802.0,28,210.0,56.05,Mendeley_Guangxi2022,,,
382.0,0.0,43.0,0.0,159.0,7.65,,784.0,28,180.0,56.05,Mendeley_Guangxi2022,,,
480.0,0.0,0.0,0.0,152.0,8.64,,800.0,28,210.0,66.05,Mendeley_Guangxi2022,,,
520.0,0.0,0.0,0.0,147.0,9.36,,770.0,28,200.0,69.05,Mendeley_Guangxi2022,,,
330.0,0.0,100.0,0.0,159.0,7.31,942.0,869.0,28,210.0,49.0,Mendeley_Guangxi2022,,,
201.0,0.0,71.0,0.0,166.0,4.08,,942.0,28,185.0,29.0,Mendeley_Guangxi2022,,,
250.0,0.0,84.0,0.0,174.0,5.02,,913.0,28,200.0,36.45,Mendeley_Guangxi2022,,,
292.0,0.0,73.0,0.0,168.0,5.48,,863.0,28,195.0,45.25,Mendeley_Guangxi2022,,,
321.0,0.0,70.0,0.0,168.0,7.04,,851.0,28,220.0,45.45,Mendeley_Guangxi2022,,,
359.0,0.0,73.0,0.0,164.0,7.78,,797.0,28,200.0,50.6,Mendeley_Guangxi2022,,,
405.0,0.0,0.0,0.0,170.0,7.29,,803.0,28,220.0,39.5,Mendeley_Guangxi2022,,,
379.0,0.0,0.0,0.0,163.0,5.69,,743.0,28,180.0,38.6,Mendeley_Guangxi2022,,,
321.0,0.0,0.0,0.0,170.0,4.82,,802.0,28,185.0,28.2,Mendeley_Guangxi2022,,,
395.0,0.0,0.0,0.0,170.0,7.11,,807.0,28,190.0,39.7,Mendeley_Guangxi2022,,,
366.0,0.0,0.0,0.0,161.0,5.86,,787.0,28,180.0,39.5,Mendeley_Guangxi2022,,,
318.0,0.0,0.0,0.0,175.0,4.77,,839.0,28,180.0,28.0,Mendeley_Guangxi2022,,,
436.0,0.0,0.0,0.0,170.0,7.85,,700.0,28,190.0,51.15,Mendeley_Guangxi2022,,,
436.0,0.0,0.0,0.0,170.0,7.85,,700.0,28,180.0,51.15,Mendeley_Guangxi2022,,,
344.0,0.0,0.0,0.0,165.0,6.19,,757.0,28,190.0,42.65,Mendeley_Guangxi2022,,,
275.0,0.0,0.0,0.0,165.0,4.95,,843.0,28,190.0,40.95,Mendeley_Guangxi2022,,,
316.0,0.0,79.0,0.0,170.0,5.93,,807.0,28,220.0,41.7,Mendeley_Guangxi2022,,,
316.0,0.0,79.0,0.0,150.0,5.93,,742.0,28,195.0,47.15,Mendeley_Guangxi2022,,,
346.0,0.0,87.0,0.0,156.0,6.5,,688.0,28,200.0,51.9,Mendeley_Guangxi2022,,,
395.0,0.0,0.0,0.0,150.0,5.93,,742.0,28,190.0,48.15,Mendeley_Guangxi2022,,,
433.0,0.0,0.0,0.0,156.0,6.5,,688.0,28,200.0,53.9,Mendeley_Guangxi2022,,,
362.0,0.0,0.0,0.0,163.0,5.43,,750.0,28,195.0,41.3,Mendeley_Guangxi2022,,,
254.0,0.0,0.0,0.0,165.0,4.57,,872.0,28,190.0,33.3,Mendeley_Guangxi2022,,,
344.0,0.0,0.0,0.0,165.0,6.19,,756.0,28,190.0,42.65,Mendeley_Guangxi2022,,,
427.0,0.0,0.0,0.0,155.0,7.69,,710.0,28,180.0,55.2,Mendeley_Guangxi2022,,,
395.0,0.0,0.0,0.0,160.0,7.11,,738.0,28,200.0,52.55,Mendeley_Guangxi2022,,,
380.0,0.0,0.0,0.0,170.0,6.84,,777.0,28,220.0,44.65,Mendeley_Guangxi2022,,,
366.0,0.0,0.0,0.0,160.0,5.5,,750.0,28,200.0,48.5,Mendeley_Guangxi2022,,,
385.0,0.0,0.0,0.0,177.0,6.93,974.0,864.0,28,220.0,44.65,Mendeley_Guangxi2022,,,
377.0,0.0,0.0,0.0,166.0,5.66,,817.0,28,190.0,40.4,Mendeley_Guangxi2022,,,
377.0,0.0,0.0,0.0,166.0,5.66,,817.0,28,185.0,40.4,Mendeley_Guangxi2022,,,
391.0,0.0,0.0,0.0,172.0,7.04,,827.0,28,220.0,44.5,Mendeley_Guangxi2022,,,
391.0,0.0,0.0,0.0,172.0,7.04,,827.0,28,215.0,44.5,Mendeley_Guangxi2022,,,
391.0,0.0,0.0,0.0,172.0,7.04,,827.0,28,220.0,47.3,Mendeley_Guangxi2022,,,
391.0,0.0,0.0,0.0,172.0,7.04,,827.0,28,215.0,47.3,Mendeley_Guangxi2022,,,
385.0,0.0,0.0,0.0,177.0,6.93,974.0,864.0,28,220.0,42.05,Mendeley_Guangxi2022,,,
327.0,0.0,0.0,0.0,170.0,4.58,,875.0,28,190.0,33.6,Mendeley_Guangxi2022,,,
344.0,0.0,0.0,0.0,165.0,5.16,,870.0,28,195.0,35.85,Mendeley_Guangxi2022,,,
377.0,0.0,0.0,0.0,166.0,5.66,,817.0,28,190.0,42.9,Mendeley_Guangxi2022,,,
377.0,0.0,0.0,0.0,166.0,5.66,,817.0,28,185.0,42.9,Mendeley_Guangxi2022,,,
398.0,0.0,0.0,0.0,163.0,6.37,,809.0,28,195.0,45.35,Mendeley_Guangxi2022,,,
297.0,0.0,0.0,0.0,175.0,3.86,,925.0,28,190.0,27.3,Mendeley_Guangxi2022,,,
398.0,0.0,0.0,0.0,159.0,6.37,,756.0,28,195.0,51.8,Mendeley_Guangxi2022,,,
377.0,0.0,0.0,0.0,162.0,5.66,,782.0,28,190.0,48.35,Mendeley_Guangxi2022,,,
304.0,0.0,0.0,0.0,170.0,4.25,,847.0,28,185.0,35.2,Mendeley_Guangxi2022,,,
338.0,0.0,60.0,0.0,163.0,7.16,,828.0,28,215.0,42.35,Mendeley_Guangxi2022,,,
426.0,0.0,0.0,0.0,162.0,7.24,,718.0,28,175.0,58.4,Mendeley_Guangxi2022,,,
372.0,0.0,66.0,0.0,162.0,7.45,,714.0,28,180.0,57.7,Mendeley_Guangxi2022,,,
322.0,0.0,57.0,0.0,163.0,6.82,,836.0,28,220.0,53.0,Mendeley_Guangxi2022,,,
330.0,0.0,58.0,0.0,163.0,6.21,,795.0,28,180.0,49.85,Mendeley_Guangxi2022,,,
300.0,0.0,75.0,0.0,165.0,5.63,,818.0,28,180.0,49.15,Mendeley_Guangxi2022,,,
319.0,0.0,56.0,0.0,165.0,5.63,,818.0,28,180.0,48.65,Mendeley_Guangxi2022,,,
286.0,0.0,51.0,0.0,165.0,5.06,,864.0,28,180.0,46.1,Mendeley_Guangxi2022,,,
273.0,0.0,48.0,0.0,170.0,4.49,,864.0,28,180.0,39.65,Mendeley_Guangxi2022,,,
249.0,0.0,44.0,0.0,173.0,3.81,,890.0,28,180.0,36.05,Mendeley_Guangxi2022,,,
391.0,0.0,0.0,0.0,163.0,5.9,,739.0,28,220.0,40.9,Mendeley_Guangxi2022,,,
490.0,0.0,0.0,0.0,160.0,7.4,,631.0,28,210.0,63.05,Mendeley_Guangxi2022,,,
450.0,0.0,0.0,0.0,165.0,5.4,,672.0,28,200.0,53.0,Mendeley_Guangxi2022,,,
375.0,0.0,0.0,0.0,170.0,4.9,,762.0,28,210.0,47.15,Mendeley_Guangxi2022,,,
340.0,0.0,0.0,0.0,160.0,4.4,,780.0,28,200.0,40.95,Mendeley_Guangxi2022,,,
260.0,0.0,0.0,0.0,156.0,3.1,,854.0,28,190.0,25.75,Mendeley_Guangxi2022,,,
495.0,0.0,0.0,0.0,154.0,7.9,,684.0,28,220.0,65.5,Mendeley_Guangxi2022,,,
420.0,0.0,25.2,0.0,188.0,3.3,796.0,796.0,28,125.0,38.1,Mendeley_Guangxi2022,,,
450.0,0.0,27.0,0.0,180.0,3.6,785.0,785.0,28,130.0,40.0,Mendeley_Guangxi2022,,,
225.0,0.0,151.0,0.0,158.0,4.51,,821.0,28,200.0,37.5,Mendeley_Guangxi2022,,,
377.0,0.0,195.0,0.0,160.0,5.65,,785.0,28,210.0,53.15,Mendeley_Guangxi2022,,,
382.0,0.0,95.0,0.0,148.0,8.59,,731.0,28,200.0,63.7,Mendeley_Guangxi2022,,,
394.0,0.0,99.0,0.0,148.0,8.87,,725.0,28,200.0,65.6,Mendeley_Guangxi2022,,,
240.0,0.0,0.0,0.0,230.0,0.0,0.0,,28,70.0,12.2,Mendeley_Guangxi2022,,,
280.0,0.0,0.0,0.0,230.0,0.0,0.0,,28,90.0,15.0,Mendeley_Guangxi2022,,,
340.0,0.0,0.0,0.0,240.0,0.0,0.0,,28,80.0,21.1,Mendeley_Guangxi2022,,,
420.0,0.0,0.0,0.0,250.0,0.0,0.0,,28,70.0,26.0,Mendeley_Guangxi2022,,,
240.0,0.0,0.0,0.0,230.0,0.0,0.0,,28,70.0,13.6,Mendeley_Guangxi2022,,,
280.0,0.0,0.0,0.0,230.0,0.0,0.0,,28,90.0,15.85,Mendeley_Guangxi2022,,,
340.0,0.0,0.0,0.0,240.0,0.0,0.0,,28,80.0,19.5,Mendeley_Guangxi2022,,,
420.0,0.0,0.0,0.0,250.0,0.0,0.0,,28,70.0,26.7,Mendeley_Guangxi2022,,,
240.0,0.0,0.0,0.0,230.0,0.0,0.0,,28,70.0,12.3,Mendeley_Guangxi2022,,,
280.0,0.0,0.0,0.0,230.0,0.0,0.0,,28,90.0,13.95,Mendeley_Guangxi2022,,,
340.0,0.0,0.0,0.0,240.0,0.0,0.0,,28,80.0,19.7,Mendeley_Guangxi2022,,,
420.0,0.0,0.0,0.0,250.0,0.0,0.0,,28,70.0,26.8,Mendeley_Guangxi2022,,,
380.0,0.0,0.0,0.0,171.0,4.13,998.0,851.0,28,210.0,43.3,Mendeley_Guangxi2022,,,
360.0,0.0,0.0,0.0,166.0,4.32,,750.0,28,200.0,43.75,Mendeley_Guangxi2022,,,
260.0,0.0,0.0,0.0,164.0,2.6,,869.0,28,180.0,28.1,Mendeley_Guangxi2022,,,
260.0,0.0,0.0,0.0,164.0,2.6,,869.0,28,175.0,28.1,Mendeley_Guangxi2022,,,
289.0,0.0,0.0,0.0,165.0,3.18,,817.0,28,175.0,32.1,Mendeley_Guangxi2022,,,
324.0,0.0,0.0,0.0,162.0,3.89,,766.0,28,180.0,36.15,Mendeley_Guangxi2022,,,
324.0,0.0,0.0,0.0,162.0,3.89,,766.0,28,170.0,36.15,Mendeley_Guangxi2022,,,
324.0,0.0,0.0,0.0,162.0,3.89,,766.0,28,175.0,36.15,Mendeley_Guangxi2022,,,
390.0,0.0,0.0,0.0,160.0,4.18,,833.0,28,200.0,45.6,Mendeley_Guangxi2022,,,
390.0,0.0,0.0,0.0,160.0,4.18,,833.0,28,190.0,45.6,Mendeley_Guangxi2022,,,
410.0,0.0,0.0,0.0,168.0,4.51,,802.0,28,200.0,55.5,Mendeley_Guangxi2022,,,
410.0,0.0,0.0,0.0,168.0,4.51,,802.0,28,195.0,55.5,Mendeley_Guangxi2022,,,
455.0,0.0,0.0,0.0,241.0,22.75,802.0,802.0,28,100.0,32.1,Mendeley_Guangxi2022,,,
410.0,0.0,0.0,0.0,168.0,4.51,,802.0,28,200.0,54.95,Mendeley_Guangxi2022,,,
410.0,0.0,0.0,0.0,168.0,4.51,,802.0,28,195.0,54.95,Mendeley_Guangxi2022,,,
390.0,0.0,0.0,0.0,160.0,4.18,,833.0,28,200.0,45.5,Mendeley_Guangxi2022,,,
390.0,0.0,0.0,0.0,160.0,4.18,,833.0,28,190.0,45.5,Mendeley_Guangxi2022,,,
390.0,0.0,0.0,0.0,160.0,4.18,,796.0,28,185.0,46.8,Mendeley_Guangxi2022,,,
410.0,0.0,0.0,0.0,168.0,4.51,,802.0,28,200.0,56.6,Mendeley_Guangxi2022,,,
410.0,0.0,0.0,0.0,168.0,4.51,,802.0,28,195.0,56.6,Mendeley_Guangxi2022,,,
390.0,0.0,0.0,0.0,160.0,4.18,999.0,851.0,28,185.0,52.0,Mendeley_Guangxi2022,,,
390.0,0.0,0.0,0.0,160.0,4.18,999.0,851.0,28,170.0,52.0,Mendeley_Guangxi2022,,,
390.0,0.0,0.0,0.0,160.0,4.18,999.0,851.0,28,195.0,52.0,Mendeley_Guangxi2022,,,
390.0,0.0,0.0,0.0,160.0,4.18,999.0,851.0,28,185.0,53.4,Mendeley_Guangxi2022,,,
390.0,0.0,0.0,0.0,160.0,4.18,999.0,851.0,28,170.0,53.4,Mendeley_Guangxi2022,,,
390.0,0.0,0.0,0.0,160.0,4.18,999.0,851.0,28,195.0,53.4,Mendeley_Guangxi2022,,,
289.0,0.0,0.0,0.0,162.0,2.89,,817.0,28,180.0,32.2,Mendeley_Guangxi2022,,,
289.0,0.0,0.0,0.0,162.0,2.89,,817.0,28,170.0,32.2,Mendeley_Guangxi2022,,,
360.0,0.0,0.0,0.0,165.0,4.68,,788.0,28,180.0,43.4,Mendeley_Guangxi2022,,,
380.0,0.0,0.0,0.0,171.0,4.94,998.0,851.0,28,210.0,42.1,Mendeley_Guangxi2022,,,
360.0,0.0,0.0,0.0,165.0,3.96,,788.0,28,165.0,42.55,Mendeley_Guangxi2022,,,
380.0,0.0,0.0,0.0,171.0,5.32,998.0,851.0,28,210.0,44.55,Mendeley_Guangxi2022,,,
380.0,0.0,0.0,0.0,171.0,5.32,998.0,851.0,28,215.0,44.55,Mendeley_Guangxi2022,,,
380.0,0.0,0.0,0.0,171.0,5.32,998.0,851.0,28,190.0,44.55,Mendeley_Guangxi2022,,,
482.0,0.0,0.0,0.0,246.0,38.56,786.0,786.0,28,100.0,32.45,Mendeley_Guangxi2022,,,
455.0,0.0,0.0,0.0,241.0,36.4,802.0,802.0,28,100.0,32.8,Mendeley_Guangxi2022,,,
380.0,0.0,0.0,0.0,171.0,5.32,998.0,851.0,28,210.0,46.5,Mendeley_Guangxi2022,,,
380.0,0.0,0.0,0.0,171.0,5.32,998.0,851.0,28,215.0,46.5,Mendeley_Guangxi2022,,,
380.0,0.0,0.0,0.0,171.0,5.32,998.0,851.0,28,190.0,46.5,Mendeley_Guangxi2022,,,
410.0,0.0,0.0,0.0,168.0,4.92,,802.0,28,195.0,54.0,Mendeley_Guangxi2022,,,
222.0,0.0,147.0,0.0,155.0,4.8,,788.0,28,190.0,44.2,Mendeley_Guangxi2022,,,
471.0,0.0,0.0,0.0,165.0,7.07,,660.0,28,170.0,54.55,Mendeley_Guangxi2022,,,
488.0,0.0,0.0,0.0,158.0,7.32,,740.0,28,185.0,62.45,Mendeley_Guangxi2022,,,
482.0,0.0,0.0,0.0,246.0,38.56,786.0,786.0,28,100.0,34.0,Mendeley_Guangxi2022,,,
455.0,0.0,0.0,0.0,241.0,36.4,802.0,802.0,28,100.0,31.1,Mendeley_Guangxi2022,,,
410.0,0.0,0.0,0.0,168.0,4.92,,802.0,28,195.0,53.2,Mendeley_Guangxi2022,,,
380.0,0.0,0.0,0.0,171.0,5.32,998.0,851.0,28,210.0,44.05,Mendeley_Guangxi2022,,,
380.0,0.0,0.0,0.0,171.0,5.32,998.0,851.0,28,215.0,44.05,Mendeley_Guangxi2022,,,
380.0,0.0,0.0,0.0,171.0,5.32,998.0,851.0,28,190.0,44.05,Mendeley_Guangxi2022,,,
360.0,0.0,0.0,0.0,165.0,4.32,,788.0,28,175.0,43.0,Mendeley_Guangxi2022,,,
360.0,0.0,0.0,0.0,165.0,4.32,,788.0,28,180.0,43.0,Mendeley_Guangxi2022,,,
260.0,0.0,0.0,0.0,164.0,2.6,,869.0,28,180.0,30.45,Mendeley_Guangxi2022,,,
260.0,0.0,0.0,0.0,164.0,2.6,,869.0,28,175.0,30.45,Mendeley_Guangxi2022,,,
249.0,0.0,166.0,0.0,170.0,7.06,,738.0,28,190.0,48.7,Mendeley_Guangxi2022,,,
390.0,0.0,0.0,0.0,160.0,4.18,999.0,851.0,28,185.0,44.35,Mendeley_Guangxi2022,,,
390.0,0.0,0.0,0.0,160.0,4.18,999.0,851.0,28,170.0,44.35,Mendeley_Guangxi2022,,,
390.0,0.0,0.0,0.0,160.0,4.18,999.0,851.0,28,195.0,44.35,Mendeley_Guangxi2022,,,
324.0,0.0,0.0,0.0,162.0,3.89,,766.0,28,180.0,34.75,Mendeley_Guangxi2022,,,
324.0,0.0,0.0,0.0,162.0,3.89,,766.0,28,170.0,34.75,Mendeley_Guangxi2022,,,
324.0,0.0,0.0,0.0,162.0,3.89,,766.0,28,175.0,34.75,Mendeley_Guangxi2022,,,
530.0,0.0,0.0,0.0,160.0,8.48,,670.0,28,190.0,66.25,Mendeley_Guangxi2022,,,
410.0,0.0,0.0,0.0,168.0,4.51,,838.0,28,195.0,55.3,Mendeley_Guangxi2022,,,
482.0,0.0,0.0,0.0,246.0,38.56,786.0,786.0,28,100.0,34.1,Mendeley_Guangxi2022,,,
455.0,0.0,0.0,0.0,241.0,36.4,802.0,802.0,28,100.0,28.35,Mendeley_Guangxi2022,,,
530.0,0.0,0.0,0.0,160.0,8.48,,670.0,28,190.0,66.8,Mendeley_Guangxi2022,,,
380.0,0.0,0.0,0.0,171.0,5.32,998.0,851.0,28,210.0,41.45,Mendeley_Guangxi2022,,,
380.0,0.0,0.0,0.0,171.0,5.32,998.0,851.0,28,215.0,41.45,Mendeley_Guangxi2022,,,
380.0,0.0,0.0,0.0,171.0,5.32,998.0,851.0,28,190.0,41.45,Mendeley_Guangxi2022,,,
360.0,0.0,0.0,0.0,165.0,4.32,,788.0,28,175.0,42.0,Mendeley_Guangxi2022,,,
360.0,0.0,0.0,0.0,165.0,4.32,,788.0,28,180.0,42.0,Mendeley_Guangxi2022,,,
324.0,0.0,0.0,0.0,162.0,3.89,,766.0,28,180.0,35.0,Mendeley_Guangxi2022,,,
324.0,0.0,0.0,0.0,162.0,3.89,,766.0,28,170.0,35.0,Mendeley_Guangxi2022,,,
324.0,0.0,0.0,0.0,162.0,3.89,,766.0,28,175.0,35.0,Mendeley_Guangxi2022,,,
289.0,0.0,0.0,0.0,162.0,2.89,,817.0,28,180.0,27.15,Mendeley_Guangxi2022,,,
289.0,0.0,0.0,0.0,162.0,2.89,,817.0,28,170.0,27.15,Mendeley_Guangxi2022,,,
260.0,0.0,0.0,0.0,164.0,2.6,,869.0,28,180.0,23.2,Mendeley_Guangxi2022,,,
260.0,0.0,0.0,0.0,164.0,2.6,,869.0,28,175.0,23.2,Mendeley_Guangxi2022,,,
287.0,0.0,148.0,0.0,165.0,5.87,,750.0,28,195.0,42.9,Mendeley_Guangxi2022,,,
390.0,0.0,0.0,0.0,160.0,4.18,999.0,851.0,28,185.0,44.5,Mendeley_Guangxi2022,,,
390.0,0.0,0.0,0.0,160.0,4.18,999.0,851.0,28,170.0,44.5,Mendeley_Guangxi2022,,,
390.0,0.0,0.0,0.0,160.0,4.18,999.0,851.0,28,195.0,44.5,Mendeley_Guangxi2022,,,
410.0,0.0,0.0,0.0,168.0,4.51,,838.0,28,195.0,50.25,Mendeley_Guangxi2022,,,
490.0,0.0,0.0,0.0,158.0,8.82,,740.0,28,200.0,64.75,Mendeley_Guangxi2022,,,
490.0,0.0,0.0,0.0,158.0,8.82,,740.0,28,200.0,64.15,Mendeley_Guangxi2022,,,
490.0,0.0,0.0,0.0,160.0,7.35,,684.0,28,215.0,66.8,Mendeley_Guangxi2022,,,
530.0,0.0,0.0,0.0,165.0,7.95,,670.0,28,215.0,71.8,Mendeley_Guangxi2022,,,
530.0,0.0,0.0,0.0,165.0,7.95,,670.0,28,215.0,71.6,Mendeley_Guangxi2022,,,
324.0,0.0,0.0,0.0,162.0,3.89,,766.0,28,180.0,46.9,Mendeley_Guangxi2022,,,
324.0,0.0,0.0,0.0,162.0,3.89,,766.0,28,170.0,46.9,Mendeley_Guangxi2022,,,
324.0,0.0,0.0,0.0,162.0,3.89,,766.0,28,175.0,46.9,Mendeley_Guangxi2022,,,
289.0,0.0,0.0,0.0,165.0,3.18,,817.0,28,180.0,41.1,Mendeley_Guangxi2022,,,
360.0,0.0,0.0,0.0,165.0,4.32,,750.0,28,180.0,44.95,Mendeley_Guangxi2022,,,
380.0,0.0,0.0,0.0,171.0,5.7,998.0,851.0,28,220.0,51.0,Mendeley_Guangxi2022,,,
277.0,0.0,0.0,0.0,164.0,2.6,,869.0,28,175.0,30.9,Mendeley_Guangxi2022,,,
455.0,0.0,0.0,0.0,241.0,22.75,802.0,802.0,28,100.0,29.8,Mendeley_Guangxi2022,,,
482.0,0.0,0.0,0.0,246.0,28.2,786.0,786.0,28,90.0,36.2,Mendeley_Guangxi2022,,,
390.0,0.0,0.0,0.0,160.0,4.29,,832.0,28,175.0,52.25,Mendeley_Guangxi2022,,,
410.0,0.0,0.0,0.0,168.0,4.51,,801.0,28,180.0,54.1,Mendeley_Guangxi2022,,,
380.0,0.0,0.0,0.0,175.0,5.32,996.0,849.0,28,220.0,47.4,Mendeley_Guangxi2022,,,
355.0,0.0,0.0,0.0,174.0,4.26,,805.0,28,180.0,43.25,Mendeley_Guangxi2022,,,
320.0,0.0,0.0,0.0,173.0,3.84,,858.0,28,175.0,36.1,Mendeley_Guangxi2022,,,
280.0,0.0,0.0,0.0,174.0,3.36,,876.0,28,170.0,32.35,Mendeley_Guangxi2022,,,
252.0,0.0,0.0,0.0,174.0,3.02,,928.0,28,180.0,25.9,Mendeley_Guangxi2022,,,
360.0,0.0,0.0,0.0,173.0,4.32,,859.0,28,175.0,46.85,Mendeley_Guangxi2022,,,
410.0,0.0,0.0,0.0,164.0,5.74,,785.0,28,180.0,50.5,Mendeley_Guangxi2022,,,
320.0,0.0,0.0,0.0,173.0,3.84,,858.0,28,175.0,38.2,Mendeley_Guangxi2022,,,
355.0,0.0,0.0,0.0,174.0,4.26,,805.0,28,180.0,41.75,Mendeley_Guangxi2022,,,
380.0,0.0,0.0,0.0,175.0,5.32,996.0,849.0,28,220.0,44.7,Mendeley_Guangxi2022,,,
400.0,0.0,0.0,0.0,160.0,5.2,,850.0,28,200.0,44.9,Mendeley_Guangxi2022,,,
213.0,0.0,0.0,0.0,147.0,2.77,,918.0,28,165.0,22.3,Mendeley_Guangxi2022,,,
280.0,0.0,0.0,0.0,147.0,3.64,,888.0,28,150.0,34.1,Mendeley_Guangxi2022,,,
410.0,0.0,0.0,0.0,160.0,5.33,,787.0,28,165.0,50.1,Mendeley_Guangxi2022,,,
280.0,0.0,0.0,0.0,150.0,3.64,,900.0,28,165.0,33.4,Mendeley_Guangxi2022,,,
320.0,0.0,0.0,0.0,147.0,4.16,,892.0,28,160.0,40.6,Mendeley_Guangxi2022,,,
280.0,0.0,0.0,0.0,150.0,3.64,,880.0,28,160.0,40.1,Mendeley_Guangxi2022,,,
345.0,0.0,0.0,0.0,145.0,4.48,,834.0,28,50.0,51.8,Mendeley_Guangxi2022,,,
250.0,0.0,0.0,0.0,143.0,3.25,,860.0,28,50.0,28.0,Mendeley_Guangxi2022,,,
390.0,0.0,0.0,0.0,156.0,4.68,,857.0,28,200.0,46.7,Mendeley_Guangxi2022,,,
380.0,0.0,0.0,0.0,167.0,5.7,,790.0,28,200.0,39.8,Mendeley_Guangxi2022,,,
413.0,0.0,0.0,0.0,165.0,6.2,,726.0,28,205.0,48.2,Mendeley_Guangxi2022,,,
393.0,0.0,0.0,0.0,165.0,5.9,,775.0,28,210.0,44.6,Mendeley_Guangxi2022,,,
302.0,0.0,0.0,0.0,166.0,3.02,,882.0,28,205.0,24.5,Mendeley_Guangxi2022,,,
319.0,0.0,0.0,0.0,166.0,3.83,,865.0,28,210.0,28.4,Mendeley_Guangxi2022,,,
341.0,0.0,0.0,0.0,167.0,4.09,,835.0,28,200.0,34.1,Mendeley_Guangxi2022,,,
365.0,0.0,0.0,0.0,168.0,4.09,,805.0,28,205.0,40.0,Mendeley_Guangxi2022,,,
360.0,0.0,0.0,0.0,169.0,4.32,,807.0,28,210.0,38.7,Mendeley_Guangxi2022,,,
376.0,0.0,0.0,0.0,158.0,4.89,,786.0,28,130.0,45.2,Mendeley_Guangxi2022,,,
317.0,0.0,0.0,0.0,165.0,3.8,,866.0,28,195.0,28.7,Mendeley_Guangxi2022,,,
386.0,0.0,0.0,0.0,162.0,4.63,,780.0,28,170.0,44.2,Mendeley_Guangxi2022,,,
476.0,0.0,0.0,0.0,162.0,7.14,,688.0,28,170.0,60.6,Mendeley_Guangxi2022,,,
252.0,0.0,0.0,0.0,164.0,2.52,,931.0,28,185.0,19.8,Mendeley_Guangxi2022,,,
457.0,0.0,0.0,0.0,215.0,27.42,751.0,937.0,28,125.0,34.6,Mendeley_Guangxi2022,,,
307.0,0.0,0.0,0.0,215.0,0.0,,808.0,28,135.0,24.8,Mendeley_Guangxi2022,,,
307.0,0.0,0.0,0.0,215.0,0.0,,808.0,28,140.0,24.8,Mendeley_Guangxi2022,,,
307.0,0.0,0.0,0.0,215.0,0.0,,808.0,28,135.0,24.2,Mendeley_Guangxi2022,,,
307.0,0.0,0.0,0.0,215.0,0.0,,808.0,28,140.0,24.2,Mendeley_Guangxi2022,,,
234.0,0.0,41.0,0.0,176.0,6.05,,858.0,28,185.0,22.0,Mendeley_Guangxi2022,,,
249.0,0.0,44.0,0.0,176.0,6.45,,850.0,28,180.0,27.2,Mendeley_Guangxi2022,,,
287.0,0.0,51.0,0.0,176.0,7.44,,830.0,28,175.0,33.8,Mendeley_Guangxi2022,,,
332.0,0.0,59.0,0.0,176.0,8.99,,807.0,28,190.0,39.1,Mendeley_Guangxi2022,,,
340.0,0.0,60.0,0.0,176.0,9.2,,843.0,28,215.0,38.9,Mendeley_Guangxi2022,,,
249.0,0.0,0.0,0.0,184.0,5.48,,846.0,28,180.0,22.1,Mendeley_Guangxi2022,,,
275.0,0.0,0.0,0.0,184.0,6.05,,835.0,28,185.0,28.8,Mendeley_Guangxi2022,,,
320.0,0.0,0.0,0.0,176.0,7.04,,819.0,28,190.0,34.1,Mendeley_Guangxi2022,,,
359.0,0.0,0.0,0.0,176.0,8.26,,802.0,28,195.0,39.1,Mendeley_Guangxi2022,,,
391.0,0.0,0.0,0.0,176.0,8.99,,866.0,28,210.0,40.7,Mendeley_Guangxi2022,,,
214.0,0.0,0.0,0.0,184.0,4.71,,861.0,28,185.0,16.8,Mendeley_Guangxi2022,,,
354.0,0.0,0.0,0.0,184.0,7.79,,801.0,28,190.0,27.5,Mendeley_Guangxi2022,,,
479.0,0.0,0.0,0.0,158.0,13.89,,743.0,28,195.0,61.1,Mendeley_Guangxi2022,,,
354.0,0.0,0.0,0.0,158.0,12.73,,760.0,28,190.0,50.1,Mendeley_Guangxi2022,,,
431.0,0.0,0.0,0.0,110.0,12.5,,725.0,28,65.0,5.8,Mendeley_Guangxi2022,,,
280.0,0.0,0.0,0.0,156.0,2.5,,864.0,28,150.0,24.35,Mendeley_Guangxi2022,,,
380.0,0.0,0.0,0.0,160.0,5.7,,837.0,28,210.0,42.75,Mendeley_Guangxi2022,,,
330.0,0.0,0.0,0.0,155.0,3.96,,843.0,28,140.0,35.25,Mendeley_Guangxi2022,,,
300.0,0.0,0.0,0.0,160.0,3.0,,853.0,28,150.0,29.8,Mendeley_Guangxi2022,,,
360.0,0.0,0.0,0.0,150.0,4.68,,832.0,28,150.0,44.4,Mendeley_Guangxi2022,,,
395.0,0.0,0.0,0.0,158.0,6.32,,794.0,28,140.0,45.55,Mendeley_Guangxi2022,,,
230.0,0.0,0.0,0.0,145.0,2.3,987.0,988.0,28,180.0,24.05,Mendeley_Guangxi2022,,,
260.0,0.0,0.0,0.0,156.0,3.12,,938.0,28,180.0,29.6,Mendeley_Guangxi2022,,,
300.0,0.0,0.0,0.0,159.0,3.6,,884.0,28,180.0,36.5,Mendeley_Guangxi2022,,,
340.0,0.0,0.0,0.0,170.0,4.08,,869.0,28,190.0,44.6,Mendeley_Guangxi2022,,,
360.0,0.0,0.0,0.0,162.0,5.4,995.0,883.0,28,220.0,44.5,Mendeley_Guangxi2022,,,
380.0,0.0,0.0,0.0,152.0,4.94,,770.0,28,180.0,47.3,Mendeley_Guangxi2022,,,
400.0,0.0,0.0,0.0,156.0,6.0,,760.0,28,180.0,55.3,Mendeley_Guangxi2022,,,
400.0,0.0,0.0,0.0,156.0,6.0,,760.0,28,180.0,56.95,Mendeley_Guangxi2022,,,
480.0,0.0,0.0,0.0,158.0,7.2,,699.0,28,200.0,66.95,Mendeley_Guangxi2022,,,
470.0,0.0,22.5,0.0,214.0,6.5,809.0,877.0,28,170.0,27.56666667,Mendeley_Guangxi2022,,,
490.0,0.0,23.0,0.0,220.0,6.7,816.0,884.0,28,170.0,34.63333333,Mendeley_Guangxi2022,,,
247.0,0.0,0.0,0.0,158.0,3.71,,894.0,28,180.0,26.2,Mendeley_Guangxi2022,,,
267.0,0.0,0.0,0.0,160.0,4.01,,885.0,28,170.0,28.1,Mendeley_Guangxi2022,,,
300.0,0.0,0.0,0.0,159.0,4.5,,845.0,28,175.0,34.8,Mendeley_Guangxi2022,,,
340.0,0.0,0.0,0.0,170.0,4.76,,832.0,28,195.0,40.85,Mendeley_Guangxi2022,,,
360.0,0.0,0.0,0.0,162.0,6.48,,808.0,28,210.0,41.3,Mendeley_Guangxi2022,,,
380.0,0.0,0.0,0.0,138.0,5.32,,771.0,28,185.0,46.3,Mendeley_Guangxi2022,,,
400.0,0.0,0.0,0.0,156.0,6.8,,760.0,28,200.0,53.75,Mendeley_Guangxi2022,,,
400.0,0.0,0.0,0.0,156.0,7.2,,760.0,28,190.0,55.8,Mendeley_Guangxi2022,,,
490.0,0.0,23.0,0.0,220.0,4.9,884.0,816.0,28,190.0,34.46666667,Mendeley_Guangxi2022,,,
470.0,0.0,22.5,0.0,214.0,5.17,877.0,809.0,28,195.0,28.73333333,Mendeley_Guangxi2022,,,
480.0,0.0,0.0,0.0,144.0,7.68,,767.0,28,170.0,67.95,Mendeley_Guangxi2022,,,
460.0,0.0,0.0,0.0,138.0,7.38,,778.0,28,175.0,66.1,Mendeley_Guangxi2022,,,
292.0,0.0,0.0,0.0,175.0,3.21,,898.0,28,160.0,27.9,Mendeley_Guangxi2022,,,
292.0,0.0,0.0,0.0,175.0,3.21,,898.0,28,155.0,27.9,Mendeley_Guangxi2022,,,
314.0,0.0,0.0,0.0,160.0,4.71,,880.0,28,160.0,33.6,Mendeley_Guangxi2022,,,
360.0,0.0,0.0,0.0,151.0,5.4,,802.0,28,165.0,42.3,Mendeley_Guangxi2022,,,
360.0,0.0,0.0,0.0,151.0,5.4,,802.0,28,160.0,42.3,Mendeley_Guangxi2022,,,
390.0,0.0,0.0,0.0,160.0,6.24,,842.0,28,215.0,44.4,Mendeley_Guangxi2022,,,
390.0,0.0,0.0,0.0,160.0,6.24,,842.0,28,210.0,44.4,Mendeley_Guangxi2022,,,
388.0,0.0,0.0,0.0,155.0,5.82,,788.0,28,185.0,51.2,Mendeley_Guangxi2022,,,
415.0,0.0,0.0,0.0,162.0,6.22,,792.0,28,190.0,51.8,Mendeley_Guangxi2022,,,
415.0,0.0,0.0,0.0,162.0,6.22,,792.0,28,180.0,51.8,Mendeley_Guangxi2022,,,
433.0,0.0,0.0,0.0,156.0,6.93,,751.0,28,180.0,56.45,Mendeley_Guangxi2022,,,
277.0,0.0,0.0,0.0,180.0,2.77,,883.0,28,160.0,25.85,Mendeley_Guangxi2022,,,
277.0,0.0,0.0,0.0,180.0,2.77,,883.0,28,155.0,25.85,Mendeley_Guangxi2022,,,
286.0,0.0,95.0,0.0,160.0,5.72,,818.0,28,185.0,41.3,Mendeley_Guangxi2022,,,
286.0,0.0,95.0,0.0,160.0,5.72,,818.0,28,190.0,41.3,Mendeley_Guangxi2022,,,
418.0,0.0,25.08,0.0,188.0,5.85,756.0,888.0,28,155.0,28.4,Mendeley_Guangxi2022,,,
418.0,0.0,25.08,0.0,188.0,5.85,756.0,888.0,28,150.0,28.4,Mendeley_Guangxi2022,,,
455.0,0.0,27.3,0.0,182.0,6.37,765.0,898.0,28,140.0,34.75,Mendeley_Guangxi2022,,,
455.0,0.0,27.3,0.0,182.0,6.37,765.0,898.0,28,130.0,34.75,Mendeley_Guangxi2022,,,
292.0,0.0,0.0,0.0,175.0,3.21,,898.0,28,160.0,28.25,Mendeley_Guangxi2022,,,
292.0,0.0,0.0,0.0,175.0,3.21,,898.0,28,155.0,28.25,Mendeley_Guangxi2022,,,
314.0,0.0,0.0,0.0,160.0,4.71,,880.0,28,160.0,34.3,Mendeley_Guangxi2022,,,
360.0,0.0,0.0,0.0,151.0,5.4,,802.0,28,165.0,44.05,Mendeley_Guangxi2022,,,
360.0,0.0,0.0,0.0,151.0,5.4,,802.0,28,160.0,44.05,Mendeley_Guangxi2022,,,
390.0,0.0,0.0,0.0,160.0,6.24,,842.0,28,215.0,44.9,Mendeley_Guangxi2022,,,
390.0,0.0,0.0,0.0,160.0,6.24,,842.0,28,210.0,44.9,Mendeley_Guangxi2022,,,
388.0,0.0,0.0,0.0,155.0,5.82,,788.0,28,185.0,51.05,Mendeley_Guangxi2022,,,
415.0,0.0,0.0,0.0,162.0,6.22,,792.0,28,190.0,52.6,Mendeley_Guangxi2022,,,
415.0,0.0,0.0,0.0,162.0,6.22,,792.0,28,180.0,52.6,Mendeley_Guangxi2022,,,
277.0,0.0,0.0,0.0,180.0,2.77,,883.0,28,160.0,27.05,Mendeley_Guangxi2022,,,
277.0,0.0,0.0,0.0,180.0,2.77,,883.0,28,155.0,27.05,Mendeley_Guangxi2022,,,
286.0,0.0,95.0,0.0,160.0,5.72,,818.0,28,185.0,42.05,Mendeley_Guangxi2022,,,
286.0,0.0,95.0,0.0,160.0,5.72,,818.0,28,190.0,42.05,Mendeley_Guangxi2022,,,
433.0,0.0,0.0,0.0,156.0,6.93,,751.0,28,180.0,57.9,Mendeley_Guangxi2022,,,
418.0,0.0,25.08,0.0,188.0,5.85,756.0,888.0,28,155.0,29.4,Mendeley_Guangxi2022,,,
418.0,0.0,25.08,0.0,188.0,5.85,756.0,888.0,28,150.0,29.4,Mendeley_Guangxi2022,,,
455.0,0.0,27.3,0.0,182.0,6.37,765.0,898.0,28,140.0,33.4,Mendeley_Guangxi2022,,,
455.0,0.0,27.3,0.0,182.0,6.37,765.0,898.0,28,130.0,33.4,Mendeley_Guangxi2022,,,
438.0,0.0,0.0,0.0,162.0,7.01,,764.0,28,200.0,52.85,Mendeley_Guangxi2022,,,
438.0,0.0,0.0,0.0,162.0,7.01,,764.0,28,210.0,52.85,Mendeley_Guangxi2022,,,
438.0,0.0,0.0,0.0,162.0,7.01,,764.0,28,200.0,52.7,Mendeley_Guangxi2022,,,
438.0,0.0,0.0,0.0,162.0,7.01,,764.0,28,210.0,52.7,Mendeley_Guangxi2022,,,
235.0,0.0,0.0,0.0,160.0,0.0,,860.0,28,170.0,21.6,Mendeley_Guangxi2022,,,
250.0,0.0,0.0,0.0,160.0,3.0,,854.0,28,175.0,21.6,Mendeley_Guangxi2022,,,
250.0,0.0,0.0,0.0,160.0,3.0,,854.0,28,170.0,21.6,Mendeley_Guangxi2022,,,
306.0,0.0,0.0,0.0,170.0,3.67,,753.0,28,170.0,35.55,Mendeley_Guangxi2022,,,
359.0,0.0,0.0,0.0,158.0,4.31,,716.0,28,170.0,43.0,Mendeley_Guangxi2022,,,
381.0,0.0,0.0,0.0,160.0,4.95,,762.0,28,200.0,41.15,Mendeley_Guangxi2022,,,
372.0,0.0,0.0,0.0,160.0,4.46,,747.0,28,170.0,42.25,Mendeley_Guangxi2022,,,
386.0,0.0,0.0,0.0,166.0,4.63,,758.0,28,190.0,47.45,Mendeley_Guangxi2022,,,
420.0,0.0,0.0,0.0,168.0,5.04,,743.0,28,180.0,52.25,Mendeley_Guangxi2022,,,
494.0,0.0,0.0,0.0,158.0,7.9,,670.0,28,180.0,63.95,Mendeley_Guangxi2022,,,
330.0,0.0,0.0,0.0,165.0,3.96,,742.0,28,170.0,37.95,Mendeley_Guangxi2022,,,
330.0,0.0,0.0,0.0,165.0,3.96,,742.0,28,170.0,38.1,Mendeley_Guangxi2022,,,
250.0,0.0,0.0,0.0,160.0,3.0,,854.0,28,175.0,25.4,Mendeley_Guangxi2022,,,
250.0,0.0,0.0,0.0,160.0,3.0,,854.0,28,170.0,25.4,Mendeley_Guangxi2022,,,
306.0,0.0,0.0,0.0,170.0,3.67,,753.0,28,170.0,36.0,Mendeley_Guangxi2022,,,
372.0,0.0,0.0,0.0,160.0,4.46,,747.0,28,170.0,46.8,Mendeley_Guangxi2022,,,
386.0,0.0,0.0,0.0,166.0,4.63,,758.0,28,190.0,48.5,Mendeley_Guangxi2022,,,
420.0,0.0,0.0,0.0,168.0,5.04,,743.0,28,180.0,51.45,Mendeley_Guangxi2022,,,
494.0,0.0,0.0,0.0,158.0,7.9,,670.0,28,180.0,64.9,Mendeley_Guangxi2022,,,
250.0,0.0,0.0,0.0,160.0,3.0,,854.0,28,175.0,25.65,Mendeley_Guangxi2022,,,
250.0,0.0,0.0,0.0,160.0,3.0,,854.0,28,170.0,25.65,Mendeley_Guangxi2022,,,
306.0,0.0,0.0,0.0,170.0,3.67,,753.0,28,170.0,36.65,Mendeley_Guangxi2022,,,
359.0,0.0,0.0,0.0,158.0,4.31,,716.0,28,170.0,42.35,Mendeley_Guangxi2022,,,
381.0,0.0,0.0,0.0,160.0,4.95,,762.0,28,200.0,42.45,Mendeley_Guangxi2022,,,
372.0,0.0,0.0,0.0,160.0,4.46,,747.0,28,170.0,45.25,Mendeley_Guangxi2022,,,
386.0,0.0,0.0,0.0,166.0,4.63,,758.0,28,190.0,48.4,Mendeley_Guangxi2022,,,
420.0,0.0,0.0,0.0,168.0,5.04,,743.0,28,180.0,52.45,Mendeley_Guangxi2022,,,
494.0,0.0,0.0,0.0,158.0,7.9,,670.0,28,180.0,65.2,Mendeley_Guangxi2022,,,
485.0,0.0,0.0,0.0,158.0,7.76,,687.0,28,180.0,64.25,Mendeley_Guangxi2022,,,
386.0,0.0,0.0,0.0,170.0,4.63,,830.0,28,200.0,47.2,Mendeley_Guangxi2022,,,
362.0,0.0,0.0,0.0,163.0,4.34,,806.0,28,180.0,44.9,Mendeley_Guangxi2022,,,
324.0,0.0,0.0,0.0,165.0,3.89,,841.0,28,170.0,41.4,Mendeley_Guangxi2022,,,
298.0,0.0,0.0,0.0,170.0,2.98,,828.0,28,125.0,37.8,Mendeley_Guangxi2022,,,
266.0,0.0,0.0,0.0,170.0,2.66,,842.0,28,135.0,28.8,Mendeley_Guangxi2022,,,
397.0,0.0,0.0,0.0,155.0,4.76,,813.0,28,170.0,49.3,Mendeley_Guangxi2022,,,
389.0,0.0,0.0,0.0,175.0,5.45,991.0,845.0,28,215.0,43.5,Mendeley_Guangxi2022,,,
402.0,0.0,0.0,0.0,165.0,5.63,,788.0,28,175.0,46.2,Mendeley_Guangxi2022,,,
278.0,0.0,0.0,0.0,175.0,3.61,,837.0,28,175.0,25.6,Mendeley_Guangxi2022,,,
304.0,0.0,0.0,0.0,170.0,3.95,,828.0,28,165.0,30.2,Mendeley_Guangxi2022,,,
324.0,0.0,0.0,0.0,175.0,4.21,,817.0,28,170.0,36.2,Mendeley_Guangxi2022,,,
425.0,0.0,0.0,0.0,170.0,5.95,,774.0,28,170.0,52.7,Mendeley_Guangxi2022,,,
386.0,0.0,0.0,0.0,170.0,5.02,,793.0,28,175.0,45.9,Mendeley_Guangxi2022,,,
391.0,0.0,0.0,0.0,180.0,5.47,988.0,841.0,28,215.0,47.1,Mendeley_Guangxi2022,,,
405.0,0.0,0.0,0.0,170.0,5.67,,785.0,28,170.0,52.1,Mendeley_Guangxi2022,,,
494.0,0.0,0.0,0.0,163.0,7.41,,663.0,28,195.0,64.5,Mendeley_Guangxi2022,,,
494.0,0.0,0.0,0.0,163.0,7.41,,663.0,28,200.0,64.5,Mendeley_Guangxi2022,,,
389.0,0.0,0.0,0.0,175.0,5.84,972.0,863.0,28,210.0,45.9,Mendeley_Guangxi2022,,,
400.0,0.0,0.0,0.0,164.0,5.2,,808.0,28,170.0,59.5,Mendeley_Guangxi2022,,,
421.0,0.0,0.0,0.0,160.0,5.47,,800.0,28,160.0,59.2,Mendeley_Guangxi2022,,,
497.0,0.0,0.0,0.0,164.0,7.46,,662.0,28,190.0,68.2,Mendeley_Guangxi2022,,,
382.0,0.0,0.0,0.0,168.0,4.97,,814.0,28,170.0,48.5,Mendeley_Guangxi2022,,,
329.0,0.0,0.0,0.0,168.0,3.95,,837.0,28,170.0,37.8,Mendeley_Guangxi2022,,,
304.0,0.0,0.0,0.0,170.0,3.65,,847.0,28,170.0,35.6,Mendeley_Guangxi2022,,,
278.0,0.0,0.0,0.0,175.0,3.34,,857.0,28,165.0,31.5,Mendeley_Guangxi2022,,,
491.0,0.0,0.0,0.0,157.0,7.37,,721.0,28,190.0,64.6,Mendeley_Guangxi2022,,,
424.0,0.0,0.0,0.0,157.0,5.51,,782.0,28,170.0,56.7,Mendeley_Guangxi2022,,,
302.0,0.0,0.0,0.0,157.0,3.62,,835.0,28,170.0,36.5,Mendeley_Guangxi2022,,,
276.0,0.0,0.0,0.0,160.0,3.31,,845.0,28,170.0,28.0,Mendeley_Guangxi2022,,,
337.0,0.0,0.0,0.0,155.0,4.04,,820.0,28,165.0,39.7,Mendeley_Guangxi2022,,,
369.0,0.0,0.0,0.0,155.0,4.43,,807.0,28,170.0,45.9,Mendeley_Guangxi2022,,,
386.0,0.0,0.0,0.0,170.0,4.63,,830.0,28,210.0,47.5,Mendeley_Guangxi2022,,,
405.0,0.0,0.0,0.0,154.0,5.27,,792.0,28,170.0,51.8,Mendeley_Guangxi2022,,,
485.0,0.0,0.0,0.0,160.0,7.76,,686.0,28,190.0,67.8,Mendeley_Guangxi2022,,,
485.0,0.0,0.0,0.0,160.0,7.28,,686.0,28,190.0,68.8,Mendeley_Guangxi2022,,,
422.0,0.0,0.0,0.0,156.0,5.49,,686.0,28,110.0,8.38,Mendeley_Guangxi2022,,,
485.0,0.0,0.0,0.0,160.0,7.28,,686.0,28,190.0,68.6,Mendeley_Guangxi2022,,,
485.0,0.0,0.0,0.0,160.0,8.73,,704.0,28,185.0,68.4,Mendeley_Guangxi2022,,,
278.0,0.0,0.0,0.0,161.0,3.34,,843.0,28,170.0,28.15,Mendeley_Guangxi2022,,,
310.0,0.0,0.0,0.0,161.0,3.72,,829.0,28,170.0,35.25,Mendeley_Guangxi2022,,,
346.0,0.0,0.0,0.0,159.0,4.15,,815.0,28,170.0,38.25,Mendeley_Guangxi2022,,,
383.0,0.0,0.0,0.0,161.0,4.57,,798.0,28,175.0,45.05,Mendeley_Guangxi2022,,,
424.0,0.0,0.0,0.0,157.0,5.51,,764.0,28,175.0,55.65,Mendeley_Guangxi2022,,,
271.0,0.0,0.0,0.0,160.0,2.98,,825.0,28,180.0,37.4,Mendeley_Guangxi2022,,,
296.0,0.0,0.0,0.0,160.0,3.55,,836.0,28,170.0,39.8,Mendeley_Guangxi2022,,,
330.0,0.0,0.0,0.0,162.0,3.96,,840.0,28,170.0,40.95,Mendeley_Guangxi2022,,,
353.0,0.0,0.0,0.0,166.0,4.24,,828.0,28,180.0,38.5,Mendeley_Guangxi2022,,,
382.0,0.0,0.0,0.0,168.0,5.73,,814.0,28,200.0,50.75,Mendeley_Guangxi2022,,,
386.0,0.0,0.0,0.0,170.0,5.02,,834.0,28,190.0,42.7,Mendeley_Guangxi2022,,,
479.0,0.0,0.0,0.0,225.0,38.32,823.0,823.0,28,155.0,36.8,Mendeley_Guangxi2022,,,
382.0,0.0,0.0,0.0,168.0,8.79,,740.0,28,220.0,43.7,Mendeley_Guangxi2022,,,
398.0,0.0,0.0,0.0,167.0,9.15,,754.0,28,190.0,46.6,Mendeley_Guangxi2022,,,
388.0,0.0,0.0,0.0,167.0,7.76,,834.0,28,195.0,48.4,Mendeley_Guangxi2022,,,
490.0,0.0,0.0,0.0,250.0,39.2,805.0,805.0,28,170.0,37.6,Mendeley_Guangxi2022,,,
353.0,0.0,0.0,0.0,166.0,6.35,,828.0,28,195.0,43.9,Mendeley_Guangxi2022,,,
331.0,0.0,0.0,0.0,162.0,5.3,,820.0,28,180.0,37.7,Mendeley_Guangxi2022,,,
296.0,0.0,0.0,0.0,160.0,4.14,,836.0,28,170.0,32.7,Mendeley_Guangxi2022,,,
271.0,0.0,0.0,0.0,160.0,3.25,,825.0,28,170.0,26.4,Mendeley_Guangxi2022,,,
271.0,0.0,0.0,0.0,160.0,3.25,,825.0,28,175.0,26.4,Mendeley_Guangxi2022,,,
391.0,0.0,0.0,0.0,168.0,7.82,,842.0,28,220.0,46.5,Mendeley_Guangxi2022,,,
388.0,0.0,0.0,0.0,167.0,5.82,,847.0,28,195.0,49.4,Mendeley_Guangxi2022,,,
398.0,0.0,0.0,0.0,167.0,5.97,,835.0,28,195.0,50.7,Mendeley_Guangxi2022,,,
428.0,0.0,0.0,0.0,167.0,6.42,,814.0,28,195.0,56.4,Mendeley_Guangxi2022,,,
490.0,0.0,0.0,0.0,250.0,39.2,805.0,805.0,28,170.0,36.05,Mendeley_Guangxi2022,,,
499.0,0.0,0.0,0.0,166.0,6.74,,807.0,28,200.0,51.2,Mendeley_Guangxi2022,,,
361.0,0.0,0.0,0.0,166.0,4.33,,824.0,28,190.0,41.95,Mendeley_Guangxi2022,,,
331.0,0.0,0.0,0.0,162.0,3.97,,820.0,28,170.0,35.05,Mendeley_Guangxi2022,,,
296.0,0.0,0.0,0.0,160.0,3.55,,836.0,28,175.0,30.65,Mendeley_Guangxi2022,,,
271.0,0.0,0.0,0.0,160.0,3.25,,825.0,28,170.0,24.1,Mendeley_Guangxi2022,,,
271.0,0.0,0.0,0.0,160.0,3.25,,825.0,28,175.0,24.1,Mendeley_Guangxi2022,,,
494.0,0.0,0.0,0.0,163.0,7.41,,663.0,28,195.0,65.6,Mendeley_Guangxi2022,,,
494.0,0.0,0.0,0.0,163.0,7.41,,663.0,28,200.0,65.6,Mendeley_Guangxi2022,,,
494.0,0.0,0.0,0.0,163.0,7.41,,735.0,28,200.0,66.45,Mendeley_Guangxi2022,,,
451.0,0.0,0.0,0.0,167.0,6.76,,806.0,28,200.0,57.65,Mendeley_Guangxi2022,,,
439.0,0.0,0.0,0.0,167.0,6.58,,811.0,28,190.0,55.5,Mendeley_Guangxi2022,,,
407.0,0.0,0.0,0.0,167.0,6.1,,825.0,28,200.0,49.95,Mendeley_Guangxi2022,,,
398.0,0.0,0.0,0.0,167.0,5.97,,829.0,28,195.0,47.65,Mendeley_Guangxi2022,,,
391.0,0.0,0.0,0.0,168.0,5.86,,810.0,28,220.0,46.3,Mendeley_Guangxi2022,,,
369.0,0.0,0.0,0.0,166.0,4.43,,821.0,28,190.0,46.5,Mendeley_Guangxi2022,,,
338.0,0.0,0.0,0.0,162.0,4.06,,817.0,28,175.0,39.65,Mendeley_Guangxi2022,,,
312.0,0.0,0.0,0.0,162.0,3.74,,828.0,28,175.0,33.3,Mendeley_Guangxi2022,,,
284.0,0.0,0.0,0.0,162.0,3.41,,819.0,28,165.0,28.9,Mendeley_Guangxi2022,,,
